Symbol,Name,Sector,Price,Price/Earnings,Dividend Yield,Earnings/Share,52 Week Low,52 Week High,Market Cap,EBITDA,Price/Sales,Price/Book,SEC Filings,Paga_Dividendos,Tamanio_Empresa,Valuacion_PE
MMM,3M,Industrial Conglomerates,182.65,32.442272,0.0171,5.63,139.34,184.9,94196695040.0,6488000000.0,3.740933,31.909502,http://www.sec.gov/cgi-bin/browse-edgar?action=getcompany&CIK=MMM,Sí,Large Cap,Sobrevalorada
AOS,A. O. Smith,Building Products,62.17,17.317549,0.0232,3.59,54.16,81.87,8449436160.0,783699968.0,2.2206724,4.5875144,http://www.sec.gov/cgi-bin/browse-edgar?action=getcompany&CIK=AOS,Sí,Mid Cap,Neutral
ABT,Abbott Laboratories,Health Care Equipment,111.25,36.00324,0.0227,3.09,81.97,137.49,193776713728.0,11681000448.0,4.1596375,3.7664623,http://www.sec.gov/cgi-bin/browse-edgar?action=getcompany&CIK=ABT,Sí,Large Cap,Sobrevalorada
ABBV,AbbVie,Biotechnology,249.46,70.468925,0.0277,3.54,190.75,267.47,440825085952.0,30762999808.0,6.8465986,-74.26615,http://www.sec.gov/cgi-bin/browse-edgar?action=getcompany&CIK=ABBV,Sí,Large Cap (Mega),Sobrevalorada
ACN,Accenture,IT Consulting & Other Services,176.89,14.128593,0.0369,12.52,118.15,291.09,108246433792.0,12943767552.0,1.4807874,3.3938336,http://www.sec.gov/cgi-bin/browse-edgar?action=getcompany&CIK=ACN,Sí,Large Cap,Subvalorada
ADBE,Adobe Inc.,Application Software,264.02,15.104118,0.0,17.48,190.12,370.86,104947949568.0,9729000448.0,4.164932,9.146083,http://www.sec.gov/cgi-bin/browse-edgar?action=getcompany&CIK=ADBE,No,Large Cap,Neutral
AMD,Advanced Micro Devices,Semiconductors,514.39,131.55754,0.0,3.91,149.22,584.73,839728824320.0,9562000384.0,20.329954,12.487922,http://www.sec.gov/cgi-bin/browse-edgar?action=getcompany&CIK=AMD,No,Large Cap (Mega),Sobrevalorada
AES,AES Corporation,Independent Power Producers & Energy Traders,14.73,5.516854,0.0478,2.67,12.33,17.65,10504812544.0,4070000128.0,0.8047198,2.1255412,http://www.sec.gov/cgi-bin/browse-edgar?action=getcompany&CIK=AES,Sí,Large Cap,Subvalorada
AFL,Aflac,Life & Health Insurance,121.45,13.101401,0.0201,9.27,104.66,130.22,60888141824.0,6064999936.0,3.3697572,2.0123608,http://www.sec.gov/cgi-bin/browse-edgar?action=getcompany&CIK=AFL,Sí,Large Cap,Subvalorada
A,Agilent Technologies,Life Sciences Tools & Services,148.53,29.8253,0.0069,4.98,108.35,160.27,41949614080.0,2015000064.0,5.800555,5.8856397,http://www.sec.gov/cgi-bin/browse-edgar?action=getcompany&CIK=A,Sí,Large Cap,Neutral
APD,Air Products,Industrial Gases,308.97,,0.0237,-0.22,229.11,314.87,68803149824.0,1028899968.0,5.4596143,4.9556513,http://www.sec.gov/cgi-bin/browse-edgar?action=getcompany&CIK=APD,Sí,Large Cap,Sin P/E (Pérdidas)
ABNB,Airbnb,"Hotels, Resorts & Cruise Lines",184.06,42.02283,0.0,4.38,110.81,187.12,110212489216.0,2760999936.0,8.375445,13.923898,http://www.sec.gov/cgi-bin/browse-edgar?action=getcompany&CIK=ABNB,No,Large Cap,Sobrevalorada
AKAM,Akamai Technologies,Internet Services & Infrastructure,124.99,45.286232,0.0,2.76,70.82,165.45,17963139072.0,1079897984.0,4.155408,3.7795584,http://www.sec.gov/cgi-bin/browse-edgar?action=getcompany&CIK=AKAM,No,Large Cap,Sobrevalorada
ALB,Albemarle Corporation,Specialty Chemicals,136.15,504.25922,0.012,0.27,71.25,221.0,16066387968.0,1482468992.0,2.7194734,1.998092,http://www.sec.gov/cgi-bin/browse-edgar?action=getcompany&CIK=ALB,Sí,Large Cap,Sobrevalorada
ARE,Alexandria Real Estate Equities,Office REITs,48.14,,0.0598,-6.05,39.41,88.24,8284666880.0,1781940992.0,2.9168005,0.5284129,http://www.sec.gov/cgi-bin/browse-edgar?action=getcompany&CIK=ARE,Sí,Mid Cap,Sin P/E (Pérdidas)
ALGN,Align Technology,Health Care Supplies,181.31,31.422876,0.0,5.77,122.0,200.44,12880236544.0,910062016.0,3.11152,3.0519972,http://www.sec.gov/cgi-bin/browse-edgar?action=getcompany&CIK=ALGN,No,Large Cap,Sobrevalorada
ALLE,Allegion,Building Products,164.78,21.653088,0.0129,7.61,125.0,183.11,14012360704.0,1049299968.0,3.267427,6.615811,http://www.sec.gov/cgi-bin/browse-edgar?action=getcompany&CIK=ALLE,Sí,Large Cap,Neutral
LNT,Alliant Energy,Electric Utilities,70.6,22.34177,0.0303,3.16,63.28,78.81,18305499136.0,1828999936.0,4.1330996,2.4312968,http://www.sec.gov/cgi-bin/browse-edgar?action=getcompany&CIK=LNT,Sí,Large Cap,Neutral
ALL,Allstate,Property & Casualty Insurance,261.41,5.23553,0.0165,49.93,188.08,277.22,66099597312.0,17116000256.0,0.94243544,2.0947826,http://www.sec.gov/cgi-bin/browse-edgar?action=getcompany&CIK=ALL,Sí,Large Cap,Subvalorada
GOOGL,Alphabet Inc. (Class A),Interactive Media & Services,345.9,17.364458,0.0025,19.92,196.6,408.61,4230334382080.0,173164003328.0,9.4879055,6.7962117,http://www.sec.gov/cgi-bin/browse-edgar?action=getcompany&CIK=GOOGL,Sí,Large Cap (Mega),Neutral
GOOG,Alphabet Inc. (Class C),Interactive Media & Services,343.54,17.237331,0.0026,19.93,197.46,404.47,4201472065536.0,173164003328.0,9.423172,6.749843,http://www.sec.gov/cgi-bin/browse-edgar?action=getcompany&CIK=GOOG,Sí,Large Cap (Mega),Neutral
MO,Altria,Tobacco,65.7,13.831578,0.0645,4.75,54.7,77.06,109702168576.0,15768000512.0,5.3659835,-41.113888,http://www.sec.gov/cgi-bin/browse-edgar?action=getcompany&CIK=MO,Sí,Large Cap,Subvalorada
AMZN,Amazon,Broadline Retail,262.65,21.147343,0.0,12.42,196.0,287.2,2833025073152.0,168911994880.0,3.6523116,5.134295,http://www.sec.gov/cgi-bin/browse-edgar?action=getcompany&CIK=AMZN,No,Large Cap (Mega),Neutral
AMCR,Amcor,Paper & Plastic Packaging Products & Materials,46.03,19.340334,0.0565,2.38,36.25,50.94,21281771520.0,3647000064.0,0.90537614,1.8257903,http://www.sec.gov/cgi-bin/browse-edgar?action=getcompany&CIK=AMCR,Sí,Large Cap,Neutral
AMTM,Amentum,Diversified Support Services,21.47,25.86747,0.0,0.83,19.802,38.11,5249552384.0,1006000000.0,0.37151822,1.11724,http://www.sec.gov/cgi-bin/browse-edgar?action=getcompany&CIK=AMTM,No,Mid Cap,Neutral
AEE,Ameren,Multi-Utilities,109.74,19.320423,0.0275,5.68,96.57,118.32,30380779520.0,3910000128.0,3.6120296,2.219346,http://www.sec.gov/cgi-bin/browse-edgar?action=getcompany&CIK=AEE,Sí,Large Cap,Neutral
AEP,American Electric Power,Electric Utilities,125.6,108.27586,0.0303,1.16,105.7,140.58,68376309760.0,9029000192.0,3.0001452,2.1313784,http://www.sec.gov/cgi-bin/browse-edgar?action=getcompany&CIK=AEP,Sí,Large Cap,Sobrevalorada
AXP,American Express,Consumer Finance,342.48,20.794172,0.0111,16.47,290.97,387.49,231280115712.0,,3.261463,6.743724,http://www.sec.gov/cgi-bin/browse-edgar?action=getcompany&CIK=AXP,Sí,Large Cap (Mega),Neutral
AIG,American International Group,Multi-line Insurance,76.64,13.985401,0.0261,5.48,71.25,87.29,40074534912.0,8145999872.0,1.4987298,0.99035996,http://www.sec.gov/cgi-bin/browse-edgar?action=getcompany&CIK=AIG,Sí,Large Cap,Subvalorada
AMT,American Tower,Telecom Tower REITs,175.58,28.319357,0.0401,6.2,160.06,214.79,81813266432.0,7044400128.0,7.4773355,21.994238,http://www.sec.gov/cgi-bin/browse-edgar?action=getcompany&CIK=AMT,Sí,Large Cap,Neutral
AWK,American Water Works,Water Utilities,136.2,23.604853,0.0263,5.77,120.57,147.87,27066888192.0,2912999936.0,5.122424,2.3203516,http://www.sec.gov/cgi-bin/browse-edgar?action=getcompany&CIK=AWK,Sí,Large Cap,Neutral
AMP,Ameriprise Financial,Asset Management & Custody Banks,569.54,13.753682,0.0119,41.41,422.37,572.56,50347335680.0,,2.537796,7.913135,http://www.sec.gov/cgi-bin/browse-edgar?action=getcompany&CIK=AMP,Sí,Large Cap,Subvalorada
AME,Ametek,Electrical Components & Equipment,254.79,37.30454,0.0053,6.83,179.24,261.16,58398633984.0,2500681984.0,7.426145,5.187304,http://www.sec.gov/cgi-bin/browse-edgar?action=getcompany&CIK=AME,Sí,Large Cap,Sobrevalorada
AMGN,Amgen,Biotechnology,415.21,25.773432,0.0241,16.11,269.77,421.79,224092274688.0,17268000768.0,5.882459,19.204903,http://www.sec.gov/cgi-bin/browse-edgar?action=getcompany&CIK=AMGN,Sí,Large Cap (Mega),Neutral
APH,Amphenol,Electronic Components,167.11,41.882206,0.006,3.99,104.71,178.52,206043856896.0,9463700480.0,7.10212,13.296468,http://www.sec.gov/cgi-bin/browse-edgar?action=getcompany&CIK=APH,Sí,Large Cap (Mega),Sobrevalorada
ADI,Analog Devices,Semiconductors,389.39,57.773003,0.0115,6.74,223.47,445.91,189666836480.0,6149394944.0,14.88728,5.6210933,http://www.sec.gov/cgi-bin/browse-edgar?action=getcompany&CIK=ADI,Sí,Large Cap,Sobrevalorada
AON,Aon,Insurance Brokers,355.83,19.604958,0.0092,18.15,304.59,382.34,75480596480.0,5900000256.0,4.294282,7.859478,http://www.sec.gov/cgi-bin/browse-edgar?action=getcompany&CIK=AON,Sí,Large Cap,Neutral
APA,APA Corporation,Oil & Gas Exploration & Production,40.47,8.537975,0.0247,4.74,19.96,45.66,14178726912.0,5720000000.0,1.6540744,2.0212767,http://www.sec.gov/cgi-bin/browse-edgar?action=getcompany&CIK=APA,Sí,Large Cap,Subvalorada
AAPL,Apple Inc.,"Technology Hardware, Storage & Peripherals",305.93,35.083714,0.0035,8.72,223.78,344.57,4464797286400.0,167959003136.0,9.5642185,41.566574,http://www.sec.gov/cgi-bin/browse-edgar?action=getcompany&CIK=AAPL,Sí,Large Cap (Mega),Sobrevalorada
AMAT,Applied Materials,Semiconductor Materials & Equipment,507.18,43.684753,0.0042,11.61,154.47,739.67,402680348672.0,10154999808.0,13.058351,15.714329,http://www.sec.gov/cgi-bin/browse-edgar?action=getcompany&CIK=AMAT,Sí,Large Cap (Mega),Sobrevalorada
APTV,Aptiv,Automotive Parts & Equipment,49.56,22.425339,0.0,2.21,46.16,88.93,10487913472.0,3232999936.0,0.5111567,1.1797754,http://www.sec.gov/cgi-bin/browse-edgar?action=getcompany&CIK=APTV,No,Large Cap,Neutral
ACGL,Arch Capital Group,Property & Casualty Insurance,98.71,7.7237873,0.0,12.78,82.45,107.09,33660108800.0,5565000192.0,1.7502136,1.4448608,http://www.sec.gov/cgi-bin/browse-edgar?action=getcompany&CIK=ACGL,No,Large Cap,Subvalorada
ADM,Archer Daniels Midland,Agricultural Products & Services,80.45,21.980873,0.026,3.66,55.58,88.46,38773399552.0,2995000064.0,0.47227612,1.6449587,http://www.sec.gov/cgi-bin/browse-edgar?action=getcompany&CIK=ADM,Sí,Large Cap,Neutral
ANET,Arista Networks,Communications Equipment,198.82,62.91772,0.0,3.16,114.52,214.89,250756710400.0,4639600128.0,23.789154,16.945368,http://www.sec.gov/cgi-bin/browse-edgar?action=getcompany&CIK=ANET,No,Large Cap (Mega),Sobrevalorada
AJG,Arthur J. Gallagher & Co.,Insurance Brokers,251.21,41.660034,0.0111,6.03,190.75,313.55,64395423744.0,4288000000.0,4.2620573,2.7147272,http://www.sec.gov/cgi-bin/browse-edgar?action=getcompany&CIK=AJG,Sí,Large Cap,Sobrevalorada
AIZ,Assurant,Multi-line Insurance,282.38,13.511005,0.0125,20.9,205.01,303.94,13928045568.0,1737100032.0,1.0350653,2.286774,http://www.sec.gov/cgi-bin/browse-edgar?action=getcompany&CIK=AIZ,Sí,Large Cap,Subvalorada
T,AT&T,Integrated Telecommunication Services,24.89,8.214521,0.0446,3.03,19.89,29.79,170555883520.0,44939001856.0,1.3404372,1.5501993,http://www.sec.gov/cgi-bin/browse-edgar?action=getcompany&CIK=T,Sí,Large Cap,Subvalorada
ATO,Atmos Energy,Gas Utilities,169.92,20.25268,0.0235,8.39,160.1,192.51,28714534912.0,2624299008.0,5.8344784,1.8818942,http://www.sec.gov/cgi-bin/browse-edgar?action=getcompany&CIK=ATO,Sí,Large Cap,Neutral
ADSK,Autodesk,Application Software,251.66,36.738686,0.0,6.85,185.5,329.09,53136814080.0,2139000064.0,7.0783024,16.650787,http://www.sec.gov/cgi-bin/browse-edgar?action=getcompany&CIK=ADSK,No,Large Cap,Sobrevalorada
ADP,Automatic Data Processing,Human Resource & Employment Services,272.96,24.927853,0.0246,10.95,188.16,310.08,108436840448.0,6411200000.0,4.94076,18.00409,http://www.sec.gov/cgi-bin/browse-edgar?action=getcompany&CIK=ADP,Sí,Large Cap,Neutral
AZO,AutoZone,Automotive Retail,3025.0,20.790379,0.0,145.5,2902.2,4388.11,49384198144.0,4263984896.0,2.4708898,-17.782507,http://www.sec.gov/cgi-bin/browse-edgar?action=getcompany&CIK=AZO,No,Large Cap,Neutral
AVB,AvalonBay Communities,Multi-Family Residential REITs,184.06,25.248285,0.0387,7.29,160.1,198.63,26283393024.0,1857816064.0,8.52383,2.1691887,http://www.sec.gov/cgi-bin/browse-edgar?action=getcompany&CIK=AVB,Sí,Large Cap,Neutral
AVY,Avery Dennison,Paper & Plastic Packaging Products & Materials,178.93,19.576586,0.0222,9.14,152.42,199.54,13686423552.0,1496499968.0,1.4799173,5.8470035,http://www.sec.gov/cgi-bin/browse-edgar?action=getcompany&CIK=AVY,Sí,Large Cap,Neutral
AXON,Axon Enterprise,Aerospace & Defense,612.83,256.4142,0.0,2.39,339.01,794.29,49784725504.0,165106000.0,15.465423,13.548294,http://www.sec.gov/cgi-bin/browse-edgar?action=getcompany&CIK=AXON,No,Large Cap,Sobrevalorada
BKR,Baker Hughes,Oil & Gas Equipment & Services,64.82,20.842443,0.0142,3.11,42.3,70.41,64345133056.0,4839000064.0,2.3208344,3.230984,http://www.sec.gov/cgi-bin/browse-edgar?action=getcompany&CIK=BKR,Sí,Large Cap,Neutral
BALL,Ball Corporation,"Metal, Glass & Plastic Containers",61.82,17.713467,0.0129,3.49,44.83,68.29,16459359232.0,2076000000.0,1.1489153,2.84688,http://www.sec.gov/cgi-bin/browse-edgar?action=getcompany&CIK=BALL,Sí,Large Cap,Neutral
BAC,Bank of America,Diversified Banks,64.49,14.8937645,0.0198,4.33,46.12,65.2,450962325504.0,,3.9582055,1.6392151,http://www.sec.gov/cgi-bin/browse-edgar?action=getcompany&CIK=BAC,Sí,Large Cap (Mega),Subvalorada
BAX,Baxter International,Health Care Equipment,26.73,,0.0015,-1.88,15.73,30.0,13819302912.0,1884000000.0,1.2048215,2.2267578,http://www.sec.gov/cgi-bin/browse-edgar?action=getcompany&CIK=BAX,Sí,Large Cap,Sin P/E (Pérdidas)
BDX,Becton Dickinson,Health Care Equipment,183.4,31.730103,0.0229,5.78,127.58648,187.35,49955741696.0,6120999936.0,2.2218351,2.04603,http://www.sec.gov/cgi-bin/browse-edgar?action=getcompany&CIK=BDX,Sí,Large Cap,Sobrevalorada
BBY,Best Buy,Computer & Electronics Retail,86.42,16.003702,0.045,5.4,55.1,91.27,18214494208.0,2617999872.0,0.43512884,5.906233,http://www.sec.gov/cgi-bin/browse-edgar?action=getcompany&CIK=BBY,Sí,Large Cap,Neutral
TECH,Bio-Techne,Life Sciences Tools & Services,72.4,62.413795,0.0044,1.16,43.2,72.43,11280692224.0,355054016.0,9.284223,5.4342117,http://www.sec.gov/cgi-bin/browse-edgar?action=getcompany&CIK=TECH,Sí,Large Cap,Sobrevalorada
BIIB,Biogen,Biotechnology,209.83,37.3363,0.0,5.62,131.52,219.72,31003222016.0,3359200000.0,3.0916965,1.6443069,http://www.sec.gov/cgi-bin/browse-edgar?action=getcompany&CIK=BIIB,No,Large Cap,Sobrevalorada
BLK,BlackRock,Asset Management & Custody Banks,1173.73,28.093107,0.0194,41.78,917.39,1219.94,190703173632.0,11116000256.0,6.98572,3.1577005,http://www.sec.gov/cgi-bin/browse-edgar?action=getcompany&CIK=BLK,Sí,Large Cap,Neutral
BX,Blackstone Inc.,Asset Management & Custody Banks,143.93,32.12723,0.0363,4.48,101.73,190.09,172039208960.0,,11.11127,12.772206,http://www.sec.gov/cgi-bin/browse-edgar?action=getcompany&CIK=BX,Sí,Large Cap,Sobrevalorada
BA,Boeing,Aerospace & Defense,231.67,83.33453,0.0,2.78,176.77,254.35,182971236352.0,-2900000000.0,1.946606,30.024624,http://www.sec.gov/cgi-bin/browse-edgar?action=getcompany&CIK=BA,No,Large Cap,Sobrevalorada
BKNG,Booking Holdings,"Hotels, Resorts & Cruise Lines",212.06,23.53607,0.0079,9.01,150.14,231.8,164320722944.0,10412999680.0,5.8185163,-14.906509,http://www.sec.gov/cgi-bin/browse-edgar?action=getcompany&CIK=BKNG,Sí,Large Cap,Neutral
BWA,BorgWarner,Automotive Parts & Equipment,68.66,33.822662,0.0099,2.03,40.5,78.82,13983732736.0,2036000000.0,0.9748838,2.4877713,http://www.sec.gov/cgi-bin/browse-edgar?action=getcompany&CIK=BWA,Sí,Large Cap,Sobrevalorada
BSX,Boston Scientific,Health Care Equipment,51.83,20.983807,0.0,2.47,42.2,109.5,75113570304.0,5711000064.0,3.5775182,3.0077763,http://www.sec.gov/cgi-bin/browse-edgar?action=getcompany&CIK=BSX,No,Large Cap,Neutral
BMY,Bristol Myers Squibb,Pharmaceuticals,63.83,14.059472,0.0395,4.54,42.52,68.1,130386477056.0,18929999872.0,2.6508858,5.842563,http://www.sec.gov/cgi-bin/browse-edgar?action=getcompany&CIK=BMY,Sí,Large Cap,Subvalorada
AVGO,Broadcom,Semiconductors,392.99,65.38934,0.0066,6.01,281.87,495.0,1869681393664.0,42083999744.0,24.775478,21.323385,http://www.sec.gov/cgi-bin/browse-edgar?action=getcompany&CIK=AVGO,Sí,Large Cap (Mega),Sobrevalorada
BR,Broadridge Financial Solutions,Data Processing & Outsourced Services,171.01,17.832115,0.0255,9.59,133.83,265.37,19778723840.0,1808999936.0,2.6453462,7.01925,http://www.sec.gov/cgi-bin/browse-edgar?action=getcompany&CIK=BR,Sí,Large Cap,Neutral
BRO,Brown & Brown,Insurance Brokers,70.54,22.536741,0.0094,3.13,53.81,98.3,23603415040.0,2892000000.0,3.5424607,1.8499869,http://www.sec.gov/cgi-bin/browse-edgar?action=getcompany&CIK=BRO,Sí,Large Cap,Neutral
BLDR,Builders FirstSource,Building Products,72.51,78.815216,0.0,0.92,65.1,151.03,7801819136.0,1022512000.0,0.5399667,1.9478847,http://www.sec.gov/cgi-bin/browse-edgar?action=getcompany&CIK=BLDR,No,Mid Cap,Sobrevalorada
BG,Bunge Global,Agricultural Products & Services,113.69,24.502157,0.0253,4.64,76.01,134.87,21842022400.0,3126000128.0,0.23788129,1.3690662,http://www.sec.gov/cgi-bin/browse-edgar?action=getcompany&CIK=BG,Sí,Large Cap,Neutral
BXP,"BXP, Inc.",Office REITs,68.45,36.801075,0.0405,1.86,49.72,79.33,12381059072.0,1617154048.0,3.880942,2.1181457,http://www.sec.gov/cgi-bin/browse-edgar?action=getcompany&CIK=BXP,Sí,Large Cap,Sobrevalorada
CHRW,C.H. Robinson,Air Freight & Logistics,148.57,28.353056,0.017,5.24,120.65,210.33,17360592896.0,932641024.0,1.021421,10.690028,http://www.sec.gov/cgi-bin/browse-edgar?action=getcompany&CIK=CHRW,Sí,Large Cap,Neutral
CDNS,Cadence Design Systems,Application Software,324.82,64.57654,0.0,5.03,262.75,416.69,89590554624.0,2155915008.0,15.3470955,13.043932,http://www.sec.gov/cgi-bin/browse-edgar?action=getcompany&CIK=CDNS,No,Large Cap,Sobrevalorada
CZR,Caesars Entertainment,Casinos & Gaming,29.75,,0.0,-2.27,17.86,30.88,6060680704.0,3459000064.0,0.5203194,1.7982349,http://www.sec.gov/cgi-bin/browse-edgar?action=getcompany&CIK=CZR,No,Mid Cap,Sin P/E (Pérdidas)
CPT,Camden Property Trust,Multi-Family Residential REITs,110.36,36.422443,0.0384,3.03,96.53,119.81,11095523328.0,893971008.0,7.01419,2.9765084,http://www.sec.gov/cgi-bin/browse-edgar?action=getcompany&CIK=CPT,Sí,Large Cap,Sobrevalorada
CPB,Campbell Soup Company,Packaged Foods & Meats,23.17,11.357843,0.0673,2.04,19.56,34.17,6909438464.0,1704999936.0,0.69595474,1.7141377,http://www.sec.gov/cgi-bin/browse-edgar?action=getcompany&CIK=CPB,Sí,Mid Cap,Subvalorada
COF,Capital One,Consumer Finance,227.34,12.532525,0.0141,18.14,174.24,259.64,139473092608.0,,2.899046,1.354351,http://www.sec.gov/cgi-bin/browse-edgar?action=getcompany&CIK=COF,Sí,Large Cap,Subvalorada
CAH,Cardinal Health,Health Care Distributors,235.17,32.57202,0.0088,7.22,145.87,258.3,54694834176.0,4244000000.0,0.21512395,-19.006708,http://www.sec.gov/cgi-bin/browse-edgar?action=getcompany&CIK=CAH,Sí,Large Cap,Sobrevalorada
KMX,CarMax,Automotive Retail,59.92,37.21739,0.0,1.61,30.26,62.56,8503312896.0,1031401024.0,0.30156255,1.3897393,http://www.sec.gov/cgi-bin/browse-edgar?action=getcompany&CIK=KMX,No,Mid Cap,Sobrevalorada
CCL,Carnival,"Hotels, Resorts & Cruise Lines",28.12,12.666667,0.016,2.22,23.45,34.03,38514536448.0,7302000128.0,1.4102207,2.9750319,http://www.sec.gov/cgi-bin/browse-edgar?action=getcompany&CIK=CCL,Sí,Large Cap,Subvalorada
CARR,Carrier Global,Building Products,62.78,44.842857,0.0152,1.4,50.24,76.76,52143837184.0,3092999936.0,2.3585958,3.939755,http://www.sec.gov/cgi-bin/browse-edgar?action=getcompany&CIK=CARR,Sí,Large Cap,Sobrevalorada
CAT,Caterpillar Inc.,Construction Machinery & Heavy Transportation Equipment,856.57,36.905216,0.0076,23.21,405.46,1073.46,393743728640.0,16250999808.0,5.268955,20.301235,http://www.sec.gov/cgi-bin/browse-edgar?action=getcompany&CIK=CAT,Sí,Large Cap (Mega),Sobrevalorada
CBOE,Cboe Global Markets,Financial Exchanges & Data,296.14,23.099846,0.0116,12.82,227.15,371.18,30926202880.0,1930700032.0,6.1103277,5.503745,http://www.sec.gov/cgi-bin/browse-edgar?action=getcompany&CIK=CBOE,Sí,Large Cap,Neutral
CBRE,CBRE Group,Real Estate Services,152.86,34.979404,0.0,4.37,121.69,174.27,44264480768.0,2214000128.0,1.0126623,5.2757645,http://www.sec.gov/cgi-bin/browse-edgar?action=getcompany&CIK=CBRE,No,Large Cap,Sobrevalorada
CDW,CDW,Technology Distributors,139.42,16.757212,0.0181,8.32,97.12,171.55,17429929984.0,2010899968.0,0.7416865,7.153412,http://www.sec.gov/cgi-bin/browse-edgar?action=getcompany&CIK=CDW,Sí,Large Cap,Neutral
CE,Celanese,Specialty Chemicals,45.66,,0.0026,-10.59,35.13,70.7,5011136000.0,1712000000.0,0.5159736,1.20256,http://www.sec.gov/cgi-bin/browse-edgar?action=getcompany&CIK=CE,Sí,Mid Cap,Sin P/E (Pérdidas)
COR,Cencora,Health Care Distributors,313.82,23.315008,0.0076,13.46,244.82,377.54,59885383680.0,5546476032.0,0.17995957,19.628471,http://www.sec.gov/cgi-bin/browse-edgar?action=getcompany&CIK=COR,Sí,Large Cap,Neutral
CNC,Centene Corporation,Managed Health Care,67.47,,0.0,-10.36,28.24,69.36,33329844224.0,4606000128.0,0.1848536,1.4772404,http://www.sec.gov/cgi-bin/browse-edgar?action=getcompany&CIK=CNC,No,Large Cap,Sin P/E (Pérdidas)
CNP,CenterPoint Energy,Multi-Utilities,40.83,24.303574,0.0237,1.68,36.6,45.26,26895548416.0,3854000128.0,2.7957952,2.2947228,http://www.sec.gov/cgi-bin/browse-edgar?action=getcompany&CIK=CNP,Sí,Large Cap,Neutral
CF,CF Industries,Fertilizers & Agricultural Chemicals,118.3,8.782479,0.0203,13.47,75.42,141.96,17903300608.0,3872999936.0,2.313387,3.1199727,http://www.sec.gov/cgi-bin/browse-edgar?action=getcompany&CIK=CF,Sí,Large Cap,Subvalorada
CRL,Charles River Laboratories,Life Sciences Tools & Services,280.05,,0.0,-4.82,144.26,288.02,13369270272.0,849118016.0,3.3431642,4.707039,http://www.sec.gov/cgi-bin/browse-edgar?action=getcompany&CIK=CRL,No,Large Cap,Sin P/E (Pérdidas)
SCHW,Charles Schwab Corporation,Investment Banking & Brokerage,111.09,20.234972,0.0116,5.49,83.96,111.18,192111886336.0,,7.3818207,4.369665,http://www.sec.gov/cgi-bin/browse-edgar?action=getcompany&CIK=SCHW,Sí,Large Cap,Neutral
CHTR,Charter Communications,Cable & Satellite,154.27,4.014312,0.0,38.43,111.55,285.82,20792123392.0,21814999040.0,0.38223627,1.0854759,http://www.sec.gov/cgi-bin/browse-edgar?action=getcompany&CIK=CHTR,No,Large Cap,Subvalorada
CVX,Chevron Corporation,Integrated Oil & Gas,200.0,19.23077,0.0356,10.4,146.49,214.71,392320679936.0,50661998592.0,1.8736899,2.0661156,http://www.sec.gov/cgi-bin/browse-edgar?action=getcompany&CIK=CVX,Sí,Large Cap (Mega),Neutral
CMG,Chipotle Mexican Grill,Restaurants,33.5,31.018517,0.0,1.08,28.04,44.27,42391502848.0,2275020032.0,3.4121318,19.308357,http://www.sec.gov/cgi-bin/browse-edgar?action=getcompany&CIK=CMG,No,Large Cap,Sobrevalorada
CB,Chubb Limited,Property & Casualty Insurance,343.64,12.181497,0.0119,28.21,265.3,365.91,132576272384.0,14883000320.0,2.1419199,1.7581991,http://www.sec.gov/cgi-bin/browse-edgar?action=getcompany&CIK=CB,Sí,Large Cap,Subvalorada
CHD,Church & Dwight,Household Products,101.3,32.467953,0.0121,3.12,81.33,106.04,24028755968.0,1354800000.0,3.8575003,5.524953,http://www.sec.gov/cgi-bin/browse-edgar?action=getcompany&CIK=CHD,Sí,Large Cap,Sobrevalorada
CI,Cigna,Health Care Services,282.56,11.68086,0.0224,24.19,239.51,315.47,74663788544.0,12757999616.0,0.26440704,1.748266,http://www.sec.gov/cgi-bin/browse-edgar?action=getcompany&CIK=CI,Sí,Large Cap,Subvalorada
CINF,Cincinnati Financial,Property & Casualty Insurance,173.17,8.176109,0.0217,21.18,149.6,194.81,26577793024.0,4365000192.0,1.904672,1.5934374,http://www.sec.gov/cgi-bin/browse-edgar?action=getcompany&CIK=CINF,Sí,Large Cap,Subvalorada
CTAS,Cintas,Diversified Support Services,199.52,40.63544,0.0104,4.91,161.16,219.87,79841837056.0,2994993920.0,7.0877523,15.532892,http://www.sec.gov/cgi-bin/browse-edgar?action=getcompany&CIK=CTAS,Sí,Large Cap,Sobrevalorada
CSCO,Cisco,Communications Equipment,111.68,33.537537,0.015,3.33,65.75,130.37,440179425280.0,18626000896.0,6.951116,9.005725,http://www.sec.gov/cgi-bin/browse-edgar?action=getcompany&CIK=CSCO,Sí,Large Cap (Mega),Sobrevalorada
C,Citigroup,Diversified Banks,139.33,15.014009,0.0192,9.28,90.68,147.96,233717268480.0,,2.8602564,1.2143319,http://www.sec.gov/cgi-bin/browse-edgar?action=getcompany&CIK=C,Sí,Large Cap (Mega),Neutral
CFG,Citizens Financial Group,Regional Banks,74.73,16.281046,0.0246,4.59,47.955,74.86,31474544640.0,,3.856702,1.3121808,http://www.sec.gov/cgi-bin/browse-edgar?action=getcompany&CIK=CFG,Sí,Large Cap,Neutral
CLX,Clorox,Household Products,105.7,21.975052,0.0473,4.81,84.7,128.9,12782407680.0,1140000000.0,1.902144,142.06989,http://www.sec.gov/cgi-bin/browse-edgar?action=getcompany&CIK=CLX,Sí,Large Cap,Neutral
CME,CME Group,Financial Exchanges & Data,269.8,22.883799,0.0193,11.79,218.31,329.16,97014480896.0,4771100160.0,14.357202,3.6550338,http://www.sec.gov/cgi-bin/browse-edgar?action=getcompany&CIK=CME,Sí,Large Cap,Neutral
CMS,CMS Energy,Multi-Utilities,71.11,21.354355,0.0321,3.33,68.64,80.36,21967273984.0,3017999872.0,2.492599,2.3350737,http://www.sec.gov/cgi-bin/browse-edgar?action=getcompany&CIK=CMS,Sí,Large Cap,Neutral
KO,Coca-Cola Company (The),Soft Drinks & Non-alcoholic Beverages,87.71,26.33934,0.0242,3.33,65.35,90.92,377376571392.0,16997999616.0,7.528109,10.440424,http://www.sec.gov/cgi-bin/browse-edgar?action=getcompany&CIK=KO,Sí,Large Cap (Mega),Neutral
CTSH,Cognizant,IT Consulting & Other Services,58.79,12.61588,0.0224,4.66,37.08,87.03,27807670272.0,4036000000.0,1.2848938,1.8374172,http://www.sec.gov/cgi-bin/browse-edgar?action=getcompany&CIK=CTSH,Sí,Large Cap,Subvalorada
CL,Colgate-Palmolive,Household Products,91.95,36.200787,0.0228,2.54,74.55,99.33,73300033536.0,4983000064.0,3.4826834,310.64188,http://www.sec.gov/cgi-bin/browse-edgar?action=getcompany&CIK=CL,Sí,Large Cap,Sobrevalorada
CMCSA,Comcast,Cable & Satellite,26.18,8.3910265,0.0504,3.12,21.28,32.86,92903309312.0,34072999936.0,0.7437977,1.0343329,http://www.sec.gov/cgi-bin/browse-edgar?action=getcompany&CIK=CMCSA,Sí,Large Cap,Subvalorada
CAG,Conagra Brands,Packaged Foods & Meats,15.62,,0.0784,-4.0,12.53,20.32,7475194880.0,1741600000.0,0.6626006,1.1757622,http://www.sec.gov/cgi-bin/browse-edgar?action=getcompany&CIK=CAG,Sí,Mid Cap,Sin P/E (Pérdidas)
COP,ConocoPhillips,Oil & Gas Exploration & Production,126.78,16.769842,0.0265,7.56,85.57,135.87,152305565696.0,26780000256.0,2.3628285,2.3306432,http://www.sec.gov/cgi-bin/browse-edgar?action=getcompany&CIK=COP,Sí,Large Cap,Neutral
ED,Consolidated Edison,Multi-Utilities,108.8,17.894737,0.0323,6.08,94.96,116.23,40237359104.0,6161999872.0,2.274711,1.5642523,http://www.sec.gov/cgi-bin/browse-edgar?action=getcompany&CIK=ED,Sí,Large Cap,Neutral
STZ,Constellation Brands,Distillers & Vintners,139.18,13.267874,0.0296,10.49,126.45,169.16,23772549120.0,3455800064.0,2.6248577,2.8907304,http://www.sec.gov/cgi-bin/browse-edgar?action=getcompany&CIK=STZ,Sí,Large Cap,Subvalorada
CEG,Constellation Energy,Electric Utilities,282.5,27.614859,0.006,10.23,228.63,412.7,100091838464.0,7952000000.0,3.2008903,3.1389236,http://www.sec.gov/cgi-bin/browse-edgar?action=getcompany&CIK=CEG,Sí,Large Cap,Neutral
COO,Cooper Companies (The),Health Care Supplies,76.17,64.55085,0.0,1.18,58.89,89.83,14855482368.0,886400000.0,3.5111043,1.8019019,http://www.sec.gov/cgi-bin/browse-edgar?action=getcompany&CIK=COO,No,Large Cap,Sobrevalorada
CPRT,Copart,Diversified Support Services,31.61,19.633541,0.0,1.61,26.81,50.11,30450180096.0,1961246976.0,6.5641418,3.3354437,http://www.sec.gov/cgi-bin/browse-edgar?action=getcompany&CIK=CPRT,No,Large Cap,Neutral
GLW,Corning Inc.,Electronic Components,165.99,76.49309,0.0067,2.17,63.37,271.78,142691287040.0,4084999936.0,8.411418,11.973599,http://www.sec.gov/cgi-bin/browse-edgar?action=getcompany&CIK=GLW,Sí,Large Cap,Sobrevalorada
CPAY,Corpay,Transaction & Payment Processing Services,417.6,25.386017,0.0,16.45,252.84,425.95,27419449344.0,2798278912.0,5.4614954,7.867963,http://www.sec.gov/cgi-bin/browse-edgar?action=getcompany&CIK=CPAY,No,Large Cap,Neutral
CTVA,Corteva,Fertilizers & Agricultural Chemicals,76.68,46.47273,0.0094,1.65,60.535,90.97,51160592384.0,4275000064.0,2.8722541,2.0329275,http://www.sec.gov/cgi-bin/browse-edgar?action=getcompany&CIK=CTVA,Sí,Large Cap,Sobrevalorada
CSGP,CoStar Group,Real Estate Services,32.38,179.88889,0.0,0.18,25.89,91.89,13120299008.0,394000000.0,3.6896229,1.6524625,http://www.sec.gov/cgi-bin/browse-edgar?action=getcompany&CIK=CSGP,No,Large Cap,Sobrevalorada
COST,Costco,Consumer Staples Merchandise Retail,961.1,48.320763,0.0061,19.89,844.06,1096.5,426227466240.0,13790000128.0,1.4517927,25.781961,http://www.sec.gov/cgi-bin/browse-edgar?action=getcompany&CIK=COST,Sí,Large Cap (Mega),Sobrevalorada
CRWD,CrowdStrike,Systems Software,216.95,,0.0,-0.02,85.68,227.5,220911337472.0,59319000.0,43.36527,47.67084,http://www.sec.gov/cgi-bin/browse-edgar?action=getcompany&CIK=CRWD,No,Large Cap (Mega),Sin P/E (Pérdidas)
CCI,Crown Castle,Telecom Tower REITs,75.98,31.012245,0.0561,2.45,69.72,104.61,32326105088.0,2689999872.0,7.768831,-9.898385,http://www.sec.gov/cgi-bin/browse-edgar?action=getcompany&CIK=CCI,Sí,Large Cap,Sobrevalorada
CSX,CSX Corporation,Rail Transportation,50.16,29.16279,0.0112,1.72,31.8,53.6,92920135680.0,6831000064.0,6.402986,6.5982633,http://www.sec.gov/cgi-bin/browse-edgar?action=getcompany&CIK=CSX,Sí,Large Cap,Neutral
CMI,Cummins,Construction Machinery & Heavy Transportation Equipment,631.26,32.256516,0.0139,19.57,389.52,737.76,87106985984.0,5020000256.0,2.5097091,6.764394,http://www.sec.gov/cgi-bin/browse-edgar?action=getcompany&CIK=CMI,Sí,Large Cap,Sobrevalorada
CVS,CVS Health,Health Care Services,97.16,25.635885,0.0274,3.79,69.4,110.68,124264767488.0,16679999488.0,0.30114207,1.5579251,http://www.sec.gov/cgi-bin/browse-edgar?action=getcompany&CIK=CVS,Sí,Large Cap,Neutral
DHI,D. R. Horton,Homebuilding,148.81,14.185891,0.0121,10.49,131.75,184.55,41622347776.0,4127399936.0,1.2480464,1.7538421,http://www.sec.gov/cgi-bin/browse-edgar?action=getcompany&CIK=DHI,Sí,Large Cap,Subvalorada
DHR,Danaher Corporation,Life Sciences Tools & Services,202.45,36.08734,0.0078,5.61,160.93,242.8,142319517696.0,8028000256.0,5.6685195,2.7063336,http://www.sec.gov/cgi-bin/browse-edgar?action=getcompany&CIK=DHR,Sí,Large Cap,Sobrevalorada
DRI,Darden Restaurants,Restaurants,225.26,21.597315,0.0272,10.43,169.0,229.76,25576415232.0,2115000064.0,1.9360085,11.640742,http://www.sec.gov/cgi-bin/browse-edgar?action=getcompany&CIK=DRI,Sí,Large Cap,Neutral
DVA,DaVita,Health Care Services,180.06,15.2722645,0.0,11.79,101.0,247.49,11557150720.0,2826204928.0,0.82494235,-15.051408,http://www.sec.gov/cgi-bin/browse-edgar?action=getcompany&CIK=DVA,No,Large Cap,Neutral
DECK,Deckers Brands,Footwear,93.09,13.241819,0.0,7.03,78.91,125.45,12677168128.0,1326978944.0,2.29356,5.52988,http://www.sec.gov/cgi-bin/browse-edgar?action=getcompany&CIK=DECK,No,Large Cap,Subvalorada
DE,Deere & Company,Agricultural & Farm Machinery,608.85,34.476215,0.0106,17.66,433.0,674.19,164454825984.0,8613999616.0,3.4741285,5.996927,http://www.sec.gov/cgi-bin/browse-edgar?action=getcompany&CIK=DE,Sí,Large Cap,Sobrevalorada
DELL,Dell Technologies,"Technology Hardware, Storage & Peripherals",490.81,39.07723,0.0051,12.56,110.22,514.0,317133160448.0,14065000448.0,2.36663,-226.91168,http://www.sec.gov/cgi-bin/browse-edgar?action=getcompany&CIK=DELL,Sí,Large Cap (Mega),Sobrevalorada
DAL,Delta Air Lines,Passenger Airlines,89.35,14.817578,0.0087,6.03,55.03,95.68,58758619136.0,7506999808.0,0.86046565,2.6789193,http://www.sec.gov/cgi-bin/browse-edgar?action=getcompany&CIK=DAL,Sí,Large Cap,Subvalorada
DVN,Devon Energy,Oil & Gas Exploration & Production,45.85,9.967391,0.0279,4.6,31.47,52.71,50434998272.0,8924000256.0,2.6854267,1.2629114,http://www.sec.gov/cgi-bin/browse-edgar?action=getcompany&CIK=DVN,Sí,Large Cap,Subvalorada
DXCM,Dexcom,Health Care Equipment,89.75,35.474308,0.0,2.53,54.11,91.96,33868128256.0,1403200000.0,6.8156095,12.921105,http://www.sec.gov/cgi-bin/browse-edgar?action=getcompany&CIK=DXCM,No,Large Cap,Sobrevalorada
FANG,Diamondback Energy,Oil & Gas Exploration & Production,202.47,38.639317,0.0217,5.24,134.3,214.51,56957505536.0,11779999744.0,3.5055087,1.4988563,http://www.sec.gov/cgi-bin/browse-edgar?action=getcompany&CIK=FANG,Sí,Large Cap,Sobrevalorada
DLR,Digital Realty,Data Center REITs,200.15,256.60257,0.0244,0.78,146.23,208.14,75396743168.0,3210312960.0,11.158257,2.7733898,http://www.sec.gov/cgi-bin/browse-edgar?action=getcompany&CIK=DLR,Sí,Large Cap,Sobrevalorada
DG,Dollar General,Consumer Staples Merchandise Retail,123.28,17.461756,0.0191,7.06,95.11,158.23,27193921536.0,3387527936.0,0.63131046,3.075081,http://www.sec.gov/cgi-bin/browse-edgar?action=getcompany&CIK=DG,Sí,Large Cap,Neutral
DLTR,Dollar Tree,Consumer Staples Merchandise Retail,129.39,20.802252,0.0,6.22,84.71,142.4,24865470464.0,2405299968.0,1.2591451,7.1352153,http://www.sec.gov/cgi-bin/browse-edgar?action=getcompany&CIK=DLTR,No,Large Cap,Neutral
D,Dominion Energy,Multi-Utilities,68.77,23.795845,0.0388,2.89,55.85,72.99,60484997120.0,8341000192.0,3.3382084,2.1666665,http://www.sec.gov/cgi-bin/browse-edgar?action=getcompany&CIK=D,Sí,Large Cap,Neutral
DPZ,Domino's,Restaurants,346.27,19.640953,0.023,17.63,282.0,469.0,11455212544.0,1023513984.0,2.278368,-2.8753278,http://www.sec.gov/cgi-bin/browse-edgar?action=getcompany&CIK=DPZ,Sí,Large Cap,Neutral
DOV,Dover Corporation,Industrial Machinery & Supplies & Components,207.07,25.069008,0.0101,8.26,158.97,237.54,27888234496.0,1908990976.0,3.31192,3.6199784,http://www.sec.gov/cgi-bin/browse-edgar?action=getcompany&CIK=DOV,Sí,Large Cap,Neutral
DOW,Dow Inc.,Commodity Chemicals,31.07,,0.0451,-1.83,20.65,42.74,22443126784.0,3963000064.0,0.54316723,1.415103,http://www.sec.gov/cgi-bin/browse-edgar?action=getcompany&CIK=DOW,Sí,Large Cap,Sin P/E (Pérdidas)
DTE,DTE Energy,Multi-Utilities,140.84,22.28481,0.0331,6.32,126.23,155.75,29307121664.0,3616999936.0,1.7799648,2.4123046,http://www.sec.gov/cgi-bin/browse-edgar?action=getcompany&CIK=DTE,Sí,Large Cap,Neutral
DUK,Duke Energy,Electric Utilities,123.92,18.662651,0.035,6.64,113.9,134.49,96620699648.0,16616999936.0,2.9454837,1.7973486,http://www.sec.gov/cgi-bin/browse-edgar?action=getcompany&CIK=DUK,Sí,Large Cap,Neutral
DD,DuPont,Specialty Chemicals,146.26,62.772533,0.0164,2.33,91.38075,157.98,19747938304.0,1583000064.0,2.8259785,1.4344419,http://www.sec.gov/cgi-bin/browse-edgar?action=getcompany&CIK=DD,Sí,Large Cap,Sobrevalorada
EMN,Eastman Chemical Company,Specialty Chemicals,74.07,19.289062,0.0454,3.84,56.11,83.47,8468172800.0,1392999936.0,0.9552366,1.3891338,http://www.sec.gov/cgi-bin/browse-edgar?action=getcompany&CIK=EMN,Sí,Mid Cap,Neutral
ETN,Eaton Corporation,Electrical Components & Equipment,451.51,46.07245,0.0097,9.8,311.92,478.0,175321333760.0,6639000064.0,5.838984,8.658408,http://www.sec.gov/cgi-bin/browse-edgar?action=getcompany&CIK=ETN,Sí,Large Cap,Sobrevalorada
EBAY,eBay,Broadline Retail,103.14,21.62264,0.0119,4.77,78.03,119.31,45897297920.0,3096000000.0,3.8222268,9.838787,http://www.sec.gov/cgi-bin/browse-edgar?action=getcompany&CIK=EBAY,Sí,Large Cap,Neutral
ECL,Ecolab,Specialty Chemicals,276.11,37.061745,0.0106,7.45,243.15,309.27,77401530368.0,4135699968.0,4.595608,7.697519,http://www.sec.gov/cgi-bin/browse-edgar?action=getcompany&CIK=ECL,Sí,Large Cap,Sobrevalorada
EIX,Edison International,Electric Utilities,71.41,7.369454,0.0492,9.69,52.0,81.62,27479568384.0,8929999872.0,1.4147953,1.5750238,http://www.sec.gov/cgi-bin/browse-edgar?action=getcompany&CIK=EIX,Sí,Large Cap,Subvalorada
EW,Edwards Lifesciences,Health Care Equipment,91.6,54.52381,0.0,1.68,72.3,96.29,52743278592.0,1996800000.0,8.099025,4.9742055,http://www.sec.gov/cgi-bin/browse-edgar?action=getcompany&CIK=EW,No,Large Cap,Sobrevalorada
EA,Electronic Arts,Interactive Home Entertainment,209.7,59.743587,3.6e-05,3.51,164.5,210.2,52925640704.0,1726000000.0,6.745557,7.7727118,http://www.sec.gov/cgi-bin/browse-edgar?action=getcompany&CIK=EA,Sí,Large Cap,Sobrevalorada
ELV,Elevance Health,Managed Health Care,400.32,17.697613,0.0172,22.62,274.84,436.24,86817120256.0,8323999744.0,0.43168116,1.934044,http://www.sec.gov/cgi-bin/browse-edgar?action=getcompany&CIK=ELV,Sí,Large Cap,Neutral
EMR,Emerson Electric,Electrical Components & Equipment,163.17,35.704594,0.0136,4.57,122.64,166.35,91391508480.0,6057999872.0,4.9040303,4.4661283,http://www.sec.gov/cgi-bin/browse-edgar?action=getcompany&CIK=EMR,Sí,Large Cap,Sobrevalorada
ENPH,Enphase Energy,Semiconductor Materials & Equipment,40.48,40.07921,0.0,1.01,25.78,73.74,5335192064.0,191792000.0,4.015946,4.525939,http://www.sec.gov/cgi-bin/browse-edgar?action=getcompany&CIK=ENPH,No,Mid Cap,Sobrevalorada
ETR,Entergy,Electric Utilities,107.84,27.58056,0.0239,3.91,86.4,118.45,50321539072.0,5538091008.0,3.7324352,2.7605274,http://www.sec.gov/cgi-bin/browse-edgar?action=getcompany&CIK=ETR,Sí,Large Cap,Neutral
EOG,EOG Resources,Oil & Gas Exploration & Production,142.61,11.098054,0.0286,12.85,101.59,151.87,75958157312.0,14494999552.0,2.842639,2.4678135,http://www.sec.gov/cgi-bin/browse-edgar?action=getcompany&CIK=EOG,Sí,Large Cap,Subvalorada
EPAM,EPAM Systems,IT Consulting & Other Services,100.5,13.636364,0.0,7.37,73.06,222.53,5184491520.0,753348992.0,0.92304134,1.4733478,http://www.sec.gov/cgi-bin/browse-edgar?action=getcompany&CIK=EPAM,No,Mid Cap,Subvalorada
EQT,EQT Corporation,Oil & Gas Exploration & Production,54.42,12.62645,0.0122,4.31,47.94,68.24,34040582144.0,6995361792.0,3.6626725,1.3476634,http://www.sec.gov/cgi-bin/browse-edgar?action=getcompany&CIK=EQT,Sí,Large Cap,Subvalorada
EFX,Equifax,Research & Consulting Services,180.85,31.728073,0.0124,5.7,150.75,271.84,21247143936.0,1924300032.0,3.2969422,4.8554244,http://www.sec.gov/cgi-bin/browse-edgar?action=getcompany&CIK=EFX,Sí,Large Cap,Sobrevalorada
EQIX,Equinix,Data Center REITs,1102.1,70.920204,0.0187,15.54,720.62,1128.68,108746063872.0,4540000256.0,10.980015,7.5612144,http://www.sec.gov/cgi-bin/browse-edgar?action=getcompany&CIK=EQIX,Sí,Large Cap,Sobrevalorada
EQR,Equity Residential,Multi-Family Residential REITs,65.97,28.68261,0.0426,2.3,57.57,71.5,25502982144.0,1890653056.0,8.149957,2.3559031,http://www.sec.gov/cgi-bin/browse-edgar?action=getcompany&CIK=EQR,Sí,Large Cap,Neutral
ERIE,Erie Indemnity,Insurance Brokers,255.99,23.25068,0.0229,11.01,204.63,368.8,13385683968.0,834972032.0,3.249371,5.425701,http://www.sec.gov/cgi-bin/browse-edgar?action=getcompany&CIK=ERIE,Sí,Large Cap,Neutral
ESS,Essex Property Trust,Multi-Family Residential REITs,287.52,44.85491,0.036,6.41,238.46,303.35,19817658368.0,1230545024.0,10.004997,3.4713738,http://www.sec.gov/cgi-bin/browse-edgar?action=getcompany&CIK=ESS,Sí,Large Cap,Sobrevalorada
EL,Estée Lauder Companies (The),Personal Care Products,86.1,,0.016,-0.7,66.22,121.64,31150540800.0,2350000128.0,2.1000836,7.801033,http://www.sec.gov/cgi-bin/browse-edgar?action=getcompany&CIK=EL,Sí,Large Cap,Sin P/E (Pérdidas)
EG,Everest Group,Reinsurance,370.11,7.818124,0.0216,47.34,302.44,401.07,14191029248.0,,0.843449,0.92827326,http://www.sec.gov/cgi-bin/browse-edgar?action=getcompany&CIK=EG,Sí,Large Cap,Subvalorada
EVRG,Evergy,Electric Utilities,84.03,21.38168,0.0333,3.93,70.42,88.62,19374559232.0,2840399872.0,3.1793368,1.8951285,http://www.sec.gov/cgi-bin/browse-edgar?action=getcompany&CIK=EVRG,Sí,Large Cap,Neutral
ES,Eversource Energy,Electric Utilities,72.36,15.494647,0.0435,4.67,61.53,76.57,27213152256.0,4933026816.0,1.9440225,1.6677039,http://www.sec.gov/cgi-bin/browse-edgar?action=getcompany&CIK=ES,Sí,Large Cap,Neutral
EXC,Exelon,Electric Utilities,45.86,16.860294,0.0368,2.72,42.58,50.65,47247446016.0,8354999808.0,1.8655708,1.5940216,http://www.sec.gov/cgi-bin/browse-edgar?action=getcompany&CIK=EXC,Sí,Large Cap,Neutral
EXPE,Expedia Group,"Hotels, Resorts & Cruise Lines",332.69,20.9239,0.0058,15.9,185.34,333.24,39929237504.0,2889999872.0,2.5432637,33.02134,http://www.sec.gov/cgi-bin/browse-edgar?action=getcompany&CIK=EXPE,Sí,Large Cap,Neutral
EXPD,Expeditors International,Air Freight & Logistics,186.12,27.091703,0.0087,6.87,112.95,189.87,24193853440.0,1263714048.0,2.0101237,11.421908,http://www.sec.gov/cgi-bin/browse-edgar?action=getcompany&CIK=EXPD,Sí,Large Cap,Neutral
EXR,Extra Space Storage,Self-Storage REITs,147.9,97.947014,0.0438,1.51,125.71,158.88,32641904640.0,2310663936.0,9.296735,2.3568969,http://www.sec.gov/cgi-bin/browse-edgar?action=getcompany&CIK=EXR,Sí,Large Cap,Sobrevalorada
XOM,ExxonMobil,Integrated Oil & Gas,160.1,20.631443,0.0257,7.76,105.67,176.41,658317115392.0,67937001472.0,1.82329,2.5380468,http://www.sec.gov/cgi-bin/browse-edgar?action=getcompany&CIK=XOM,Sí,Large Cap (Mega),Neutral
FFIV,"F5, Inc.",Communications Equipment,403.2,32.178772,0.0,12.53,223.76,435.0,22832080896.0,923304000.0,6.899302,5.942433,http://www.sec.gov/cgi-bin/browse-edgar?action=getcompany&CIK=FFIV,No,Large Cap,Sobrevalorada
FDS,FactSet,Financial Exchanges & Data,283.49,18.68754,0.0164,15.17,185.0,387.75,10082476032.0,932542016.0,4.1347737,4.9906693,http://www.sec.gov/cgi-bin/browse-edgar?action=getcompany&CIK=FDS,Sí,Large Cap,Neutral
FICO,Fair Isaac,Application Software,1085.78,31.444544,0.0,34.53,870.01,1998.01,23450281984.0,1263363968.0,9.797179,-5.7233977,http://www.sec.gov/cgi-bin/browse-edgar?action=getcompany&CIK=FICO,No,Large Cap,Sobrevalorada
FAST,Fastenal,Trading Companies & Distributors,51.02,43.60684,0.0187,1.17,38.97,52.92,58545328128.0,1954700032.0,6.6913533,14.388043,http://www.sec.gov/cgi-bin/browse-edgar?action=getcompany&CIK=FAST,Sí,Large Cap,Sobrevalorada
FRT,Federal Realty Investment Trust,Retail REITs,118.39,23.917173,0.039,4.95,90.03,128.21,10290269184.0,837700992.0,7.7056255,3.209706,http://www.sec.gov/cgi-bin/browse-edgar?action=getcompany&CIK=FRT,Sí,Large Cap,Neutral
FDX,FedEx,Air Freight & Logistics,334.64,18.049622,0.0144,18.54,178.33199,345.37,79169527808.0,11843999744.0,0.83582693,2.5377855,http://www.sec.gov/cgi-bin/browse-edgar?action=getcompany&CIK=FDX,Sí,Large Cap,Neutral
FIS,Fidelity National Information Services,Transaction & Payment Processing Services,42.92,6.5929337,0.041,6.51,37.42,71.9,22184452096.0,3524000000.0,1.8183978,1.3888619,http://www.sec.gov/cgi-bin/browse-edgar?action=getcompany&CIK=FIS,Sí,Large Cap,Subvalorada
FITB,Fifth Third Bancorp,Regional Banks,58.06,19.548822,0.0276,2.97,40.05,59.5,52635627520.0,,5.21403,1.6295714,http://www.sec.gov/cgi-bin/browse-edgar?action=getcompany&CIK=FITB,Sí,Large Cap,Neutral
FSLR,First Solar,Semiconductors,225.56,23.039837,0.0,9.79,182.99,320.95,24240885760.0,2385900032.0,4.507357,2.348825,http://www.sec.gov/cgi-bin/browse-edgar?action=getcompany&CIK=FSLR,No,Large Cap,Neutral
FE,FirstEnergy,Electric Utilities,47.41,25.352942,0.0392,1.87,42.73,52.34,27423422464.0,5422000128.0,1.7538643,2.1208732,http://www.sec.gov/cgi-bin/browse-edgar?action=getcompany&CIK=FE,Sí,Large Cap,Neutral
FMC,FMC Corporation,Fertilizers & Agricultural Chemicals,10.15,,0.0315,-21.49,9.95,40.84,1271052416.0,269300000.0,0.3909487,0.7765282,http://www.sec.gov/cgi-bin/browse-edgar?action=getcompany&CIK=FMC,Sí,Small Cap,Sin P/E (Pérdidas)
F,Ford Motor Company,Automobile Manufacturers,14.37,,0.0418,-1.87,11.11,17.78,57301749760.0,7642999808.0,0.30484033,1.6041527,http://www.sec.gov/cgi-bin/browse-edgar?action=getcompany&CIK=F,Sí,Large Cap,Sin P/E (Pérdidas)
FTNT,Fortinet,Systems Software,160.01,56.540634,0.0,2.83,73.55,172.09,117401518080.0,2595800064.0,15.596557,75.69063,http://www.sec.gov/cgi-bin/browse-edgar?action=getcompany&CIK=FTNT,No,Large Cap,Sobrevalorada
FTV,Fortive,Industrial Machinery & Supplies & Components,61.62,32.603176,0.0039,1.89,46.54,64.56,18785536000.0,1234599936.0,4.3527355,3.0766926,http://www.sec.gov/cgi-bin/browse-edgar?action=getcompany&CIK=FTV,Sí,Large Cap,Sobrevalorada
FOXA,Fox Corporation (Class A),Broadcasting,69.04,17.979168,0.0084,3.84,48.34,76.39,28972646400.0,3881999872.0,1.6917347,2.4912498,http://www.sec.gov/cgi-bin/browse-edgar?action=getcompany&CIK=FOXA,Sí,Large Cap,Neutral
FOX,Fox Corporation (Class B),Broadcasting,61.41,15.9921875,0.0094,3.84,44.08,68.175,25770715136.0,3881999872.0,1.5047715,2.2159276,http://www.sec.gov/cgi-bin/browse-edgar?action=getcompany&CIK=FOX,Sí,Large Cap,Neutral
BEN,Franklin Resources,Asset Management & Custody Banks,33.86,23.034014,0.039,1.47,21.11,36.28,17203484672.0,1799100032.0,1.8450558,1.463963,http://www.sec.gov/cgi-bin/browse-edgar?action=getcompany&CIK=BEN,Sí,Large Cap,Neutral
FCX,Freeport-McMoRan,Copper,66.49,32.593136,0.009,2.04,35.15,72.28,93085999104.0,9553999872.0,3.5985003,4.748268,http://www.sec.gov/cgi-bin/browse-edgar?action=getcompany&CIK=FCX,Sí,Large Cap,Sobrevalorada
GRMN,Garmin,Consumer Electronics,310.2,32.045456,0.0135,9.68,186.67,314.28,59823996928.0,2311467008.0,7.798277,6.627639,http://www.sec.gov/cgi-bin/browse-edgar?action=getcompany&CIK=GRMN,Sí,Large Cap,Sobrevalorada
IT,Gartner,IT Consulting & Other Services,181.09,16.285072,0.0,11.12,124.25,265.85,11435648000.0,1383901056.0,1.769231,-69.70361,http://www.sec.gov/cgi-bin/browse-edgar?action=getcompany&CIK=IT,No,Large Cap,Neutral
GE,GE Aerospace,Aerospace & Defense,368.38,43.492325,0.0052,8.47,263.8,388.84,382217289728.0,11482999808.0,7.547884,21.668139,http://www.sec.gov/cgi-bin/browse-edgar?action=getcompany&CIK=GE,Sí,Large Cap (Mega),Sobrevalorada
GEHC,GE HealthCare,Health Care Equipment,73.69,16.979263,0.0019,4.34,58.75,89.77,33520975872.0,3592999936.0,1.5762708,3.03276,http://www.sec.gov/cgi-bin/browse-edgar?action=getcompany&CIK=GEHC,Sí,Large Cap,Neutral
GEV,GE Vernova,Heavy Electrical Equipment,1063.25,30.491827,0.0019,34.87,530.16,1195.94,283179188224.0,3927000064.0,6.845534,23.683039,http://www.sec.gov/cgi-bin/browse-edgar?action=getcompany&CIK=GEV,Sí,Large Cap (Mega),Sobrevalorada
GEN,Gen Digital,Systems Software,28.48,16.65497,0.0176,1.71,17.78,31.88,17047757824.0,2409999872.0,3.3565185,6.4230943,http://www.sec.gov/cgi-bin/browse-edgar?action=getcompany&CIK=GEN,Sí,Large Cap,Neutral
GNRC,Generac,Electrical Components & Equipment,219.3,50.529953,0.0,4.34,134.8,296.44,12939936768.0,636244992.0,2.915233,4.496709,http://www.sec.gov/cgi-bin/browse-edgar?action=getcompany&CIK=GNRC,No,Large Cap,Sobrevalorada
GD,General Dynamics,Aerospace & Defense,395.78,24.147652,0.0161,16.39,306.77,400.0,107081121792.0,6632999936.0,1.9518623,3.9856997,http://www.sec.gov/cgi-bin/browse-edgar?action=getcompany&CIK=GD,Sí,Large Cap,Neutral
GIS,General Mills,Packaged Foods & Meats,39.2,,0.0622,-0.16,31.75,51.33,20957474816.0,3449600000.0,1.1374724,3.7859764,http://www.sec.gov/cgi-bin/browse-edgar?action=getcompany&CIK=GIS,Sí,Large Cap,Sin P/E (Pérdidas)
GM,General Motors,Automobile Manufacturers,86.77,38.736607,0.0083,2.24,54.33,91.85,78479253504.0,16462000128.0,0.42300493,1.2273679,http://www.sec.gov/cgi-bin/browse-edgar?action=getcompany&CIK=GM,Sí,Large Cap,Sobrevalorada
GPC,Genuine Parts Company,Distributors,135.03,519.3462,0.0315,0.26,90.78,151.57,18615203840.0,2052585984.0,0.7424835,4.1128807,http://www.sec.gov/cgi-bin/browse-edgar?action=getcompany&CIK=GPC,Sí,Large Cap,Sobrevalorada
GILD,Gilead Sciences,Biotechnology,138.36,,0.0237,-2.66,108.46,157.29,171560206336.0,14600999936.0,5.6328664,14.515318,http://www.sec.gov/cgi-bin/browse-edgar?action=getcompany&CIK=GILD,Sí,Large Cap,Sin P/E (Pérdidas)
GPN,Global Payments,Transaction & Payment Processing Services,93.05,44.09953,0.0107,2.11,61.16,95.58,24622741504.0,4482187776.0,2.4123988,1.069233,http://www.sec.gov/cgi-bin/browse-edgar?action=getcompany&CIK=GPN,Sí,Large Cap,Sobrevalorada
GL,Globe Life,Life & Health Insurance,181.0,12.0345745,0.0073,15.04,127.85,191.55,14053701632.0,1680269056.0,2.26967,2.2656152,http://www.sec.gov/cgi-bin/browse-edgar?action=getcompany&CIK=GL,Sí,Large Cap,Subvalorada
GDDY,GoDaddy,Internet Services & Infrastructure,94.91,14.102527,0.0,6.73,71.59,150.47,12020133888.0,1379000064.0,2.3549957,1790.7548,http://www.sec.gov/cgi-bin/browse-edgar?action=getcompany&CIK=GDDY,No,Large Cap,Subvalorada
GS,Goldman Sachs,Investment Banking & Brokerage,1039.42,16.05034,0.0192,64.76,705.55,1153.99,302649376768.0,,4.4790497,2.8364503,http://www.sec.gov/cgi-bin/browse-edgar?action=getcompany&CIK=GS,Sí,Large Cap (Mega),Neutral
HAL,Halliburton,Oil & Gas Equipment & Services,34.42,18.020943,0.0198,1.91,20.79,43.59,28754388992.0,4139000064.0,1.2852273,2.607378,http://www.sec.gov/cgi-bin/browse-edgar?action=getcompany&CIK=HAL,Sí,Large Cap,Neutral
HIG,Hartford (The),Property & Casualty Insurance,138.02,9.531769,0.0174,14.48,120.33,146.07,37835538432.0,5585999872.0,1.2906545,1.9425483,http://www.sec.gov/cgi-bin/browse-edgar?action=getcompany&CIK=HIG,Sí,Large Cap,Subvalorada
HAS,Hasbro,Leisure Products,96.7,17.206406,0.0289,5.62,69.5,106.98,13638999040.0,1300199936.0,2.7424996,19.370993,http://www.sec.gov/cgi-bin/browse-edgar?action=getcompany&CIK=HAS,Sí,Large Cap,Neutral
HCA,HCA Healthcare,Health Care Facilities,404.68,13.570758,0.0077,29.82,353.99,556.52,89774129152.0,15747000320.0,1.1507586,-13.279953,http://www.sec.gov/cgi-bin/browse-edgar?action=getcompany&CIK=HCA,Sí,Large Cap,Subvalorada
DOC,Healthpeak Properties,Health Care REITs,20.79,59.400005,0.0587,0.35,15.7,22.95,14739014656.0,1570761984.0,4.9966044,1.8272104,http://www.sec.gov/cgi-bin/browse-edgar?action=getcompany&CIK=DOC,Sí,Large Cap,Sobrevalorada
HSIC,Henry Schein,Health Care Distributors,89.77,26.17201,0.0,3.43,61.95,92.18,10226307072.0,1080000000.0,0.7518238,3.1823177,http://www.sec.gov/cgi-bin/browse-edgar?action=getcompany&CIK=HSIC,No,Large Cap,Neutral
HSY,Hershey Company (The),Packaged Foods & Meats,184.22,25.201096,0.0315,7.31,161.43,239.48,37014528000.0,2721615872.0,3.042979,8.112203,http://www.sec.gov/cgi-bin/browse-edgar?action=getcompany&CIK=HSY,Sí,Large Cap,Neutral
HPE,Hewlett Packard Enterprise,"Technology Hardware, Storage & Peripherals",58.71,54.869156,0.0097,1.07,19.84,64.25,77743988736.0,5631000064.0,2.004021,3.071731,http://www.sec.gov/cgi-bin/browse-edgar?action=getcompany&CIK=HPE,Sí,Large Cap,Sobrevalorada
HLT,Hilton Worldwide,"Hotels, Resorts & Cruise Lines",327.21,48.04846,0.0018,6.81,253.54,358.0,73643491328.0,3088000000.0,14.428584,-11.716618,http://www.sec.gov/cgi-bin/browse-edgar?action=getcompany&CIK=HLT,Sí,Large Cap,Sobrevalorada
HD,Home Depot (The),Home Improvement Retail,338.86,24.032623,0.0275,14.1,289.1,426.75,337882939392.0,24945999872.0,2.028206,24.350386,http://www.sec.gov/cgi-bin/browse-edgar?action=getcompany&CIK=HD,Sí,Large Cap (Mega),Neutral
HON,Honeywell,Industrial Conglomerates,233.96,8.991545,0.012,26.02,195.86786,260.28317,74151280640.0,8512000000.0,1.9484268,4.0002055,http://www.sec.gov/cgi-bin/browse-edgar?action=getcompany&CIK=HON,Sí,Large Cap,Subvalorada
HRL,Hormel Foods,Packaged Foods & Meats,24.54,28.870588,0.0477,0.85,19.7,29.35,13503975424.0,1251180032.0,1.1052115,1.6988578,http://www.sec.gov/cgi-bin/browse-edgar?action=getcompany&CIK=HRL,Sí,Large Cap,Neutral
HST,Host Hotels & Resorts,Hotel & Resort REITs,22.9,15.369127,0.0349,1.49,15.61,25.71,15909235712.0,1695000064.0,2.552011,2.4555006,http://www.sec.gov/cgi-bin/browse-edgar?action=getcompany&CIK=HST,Sí,Large Cap,Neutral
HWM,Howmet Aerospace,Aerospace & Defense,289.18,1701.0587,0.0019,0.17,169.45,310.0,115325386752.0,2793999872.0,12.649489,20.180042,http://www.sec.gov/cgi-bin/browse-edgar?action=getcompany&CIK=HWM,Sí,Large Cap,Sobrevalorada
HPQ,HP Inc.,"Technology Hardware, Storage & Peripherals",30.11,11.151852,0.0383,2.7,17.56,32.19,27536279552.0,4712000000.0,0.4795841,-191.78343,http://www.sec.gov/cgi-bin/browse-edgar?action=getcompany&CIK=HPQ,Sí,Large Cap,Subvalorada
HUBB,Hubbell Incorporated,Industrial Machinery & Supplies & Components,511.39,30.295618,0.0112,16.88,403.82,565.4999,27022755840.0,1515500032.0,4.3419814,6.9066625,http://www.sec.gov/cgi-bin/browse-edgar?action=getcompany&CIK=HUBB,Sí,Large Cap,Sobrevalorada
HUM,Humana,Managed Health Care,389.05,36.77221,0.0091,10.58,163.11,428.88,46717239296.0,3596000000.0,0.32068613,2.51399,http://www.sec.gov/cgi-bin/browse-edgar?action=getcompany&CIK=HUM,Sí,Large Cap,Sobrevalorada
HBAN,Huntington Bancshares,Regional Banks,17.91,13.776923,0.0346,1.3,14.89,19.46,36185628672.0,,3.9430783,1.2166293,http://www.sec.gov/cgi-bin/browse-edgar?action=getcompany&CIK=HBAN,Sí,Large Cap,Subvalorada
HII,Huntington Ingalls Industries,Aerospace & Defense,327.71,19.529797,0.0169,16.78,262.66,460.0,12913281024.0,1170000000.0,0.97939175,2.4309387,http://www.sec.gov/cgi-bin/browse-edgar?action=getcompany&CIK=HII,Sí,Large Cap,Neutral
IBM,IBM,IT Consulting & Other Services,234.32,20.791481,0.0288,11.27,199.19,332.46,220760932352.0,16472999936.0,3.195035,6.4077883,http://www.sec.gov/cgi-bin/browse-edgar?action=getcompany&CIK=IBM,Sí,Large Cap (Mega),Neutral
IEX,IDEX Corporation,Industrial Machinery & Supplies & Components,238.94,34.379856,0.0122,6.95,158.19,243.8,17614632960.0,967699968.0,4.913015,4.41158,http://www.sec.gov/cgi-bin/browse-edgar?action=getcompany&CIK=IEX,Sí,Large Cap,Sobrevalorada
IDXX,Idexx Laboratories,Health Care Equipment,550.96,38.772697,0.0,14.21,518.55,769.98,43461378048.0,1621684992.0,9.54519,26.9484,http://www.sec.gov/cgi-bin/browse-edgar?action=getcompany&CIK=IDXX,No,Large Cap,Sobrevalorada
ITW,Illinois Tool Works,Industrial Machinery & Supplies & Components,290.81,26.317646,0.0236,11.05,238.82,303.16,82822684672.0,4806000128.0,5.029005,28.778824,http://www.sec.gov/cgi-bin/browse-edgar?action=getcompany&CIK=ITW,Sí,Large Cap,Neutral
INCY,Incyte,Biotechnology,120.16,15.307007,0.0,7.85,81.09,132.6,24356161536.0,1942312960.0,4.1852455,3.8063862,http://www.sec.gov/cgi-bin/browse-edgar?action=getcompany&CIK=INCY,No,Large Cap,Neutral
IR,Ingersoll Rand,Industrial Machinery & Supplies & Components,83.34,34.438015,0.0009,2.42,68.07,100.96,32335869952.0,2014700032.0,4.0713997,3.1771564,http://www.sec.gov/cgi-bin/browse-edgar?action=getcompany&CIK=IR,Sí,Large Cap,Sobrevalorada
PODD,Insulet Corporation,Health Care Equipment,143.34,26.893059,0.0,5.33,126.4,354.88,9941230592.0,614899968.0,3.2557905,6.989808,http://www.sec.gov/cgi-bin/browse-edgar?action=getcompany&CIK=PODD,No,Mid Cap,Neutral
INTC,Intel,Semiconductors,102.5,,0.0,-2.09,22.78,142.35,541825761280.0,16839999488.0,9.500381,5.9047184,http://www.sec.gov/cgi-bin/browse-edgar?action=getcompany&CIK=INTC,No,Large Cap (Mega),Sin P/E (Pérdidas)
ICE,Intercontinental Exchange,Financial Exchanges & Data,154.73,21.823694,0.0134,7.09,121.79,181.72,86864568320.0,6713999872.0,8.227369,2.970949,http://www.sec.gov/cgi-bin/browse-edgar?action=getcompany&CIK=ICE,Sí,Large Cap,Neutral
IFF,International Flavors & Fragrances,Specialty Chemicals,84.18,,0.019,-3.09,59.14,89.32,21491445760.0,1911000064.0,1.9934558,1.5377308,http://www.sec.gov/cgi-bin/browse-edgar?action=getcompany&CIK=IFF,Sí,Large Cap,Sin P/E (Pérdidas)
IP,International Paper,Paper & Plastic Packaging Products & Materials,40.74,,0.0454,-5.39,29.26,50.25,21574678528.0,3934000128.0,0.89140517,1.4923624,http://www.sec.gov/cgi-bin/browse-edgar?action=getcompany&CIK=IP,Sí,Large Cap,Sin P/E (Pérdidas)
INTU,Intuit,Application Software,345.66,21.102566,0.0139,16.38,252.84,721.54,94550794240.0,6409999872.0,4.5185566,4.5956264,http://www.sec.gov/cgi-bin/browse-edgar?action=getcompany&CIK=INTU,Sí,Large Cap,Neutral
ISRG,Intuitive Surgical,Health Care Equipment,394.51,45.241974,0.0,8.72,328.57,603.88,141344276480.0,4180800000.0,12.809422,7.6845613,http://www.sec.gov/cgi-bin/browse-edgar?action=getcompany&CIK=ISRG,No,Large Cap,Sobrevalorada
IVZ,Invesco,Asset Management & Custody Banks,32.55,,0.0266,-0.68,20.48,32.66,14370824192.0,1444800000.0,2.0819738,1.4426273,http://www.sec.gov/cgi-bin/browse-edgar?action=getcompany&CIK=IVZ,Sí,Large Cap,Sin P/E (Pérdidas)
INVH,Invitation Homes,Single-Family Residential REITs,30.29,27.78899,0.0396,1.09,24.25,31.378,17993531392.0,1500342016.0,6.3179445,1.9757354,http://www.sec.gov/cgi-bin/browse-edgar?action=getcompany&CIK=INVH,Sí,Large Cap,Neutral
IQV,IQVIA,Life Sciences Tools & Services,236.66,29.398758,0.0,8.05,154.5,251.36,38954237952.0,3048000000.0,2.2937195,6.312448,http://www.sec.gov/cgi-bin/browse-edgar?action=getcompany&CIK=IQV,No,Large Cap,Neutral
IRM,Iron Mountain,Other Specialized REITs,129.43,91.79433,0.0267,1.41,77.77,134.68,38531674112.0,2551013120.0,5.095117,-30.079014,http://www.sec.gov/cgi-bin/browse-edgar?action=getcompany&CIK=IRM,Sí,Large Cap,Sobrevalorada
JBHT,J.B. Hunt,Cargo Ground Transportation,279.71,39.844727,0.0064,7.02,130.12,299.76,26264768512.0,1673964032.0,2.0678787,7.182917,http://www.sec.gov/cgi-bin/browse-edgar?action=getcompany&CIK=JBHT,Sí,Large Cap,Sobrevalorada
SJM,J.M. Smucker Company (The),Packaged Foods & Meats,121.39,,0.0369,-1.3,88.25,127.65,12974246912.0,1926000000.0,1.4334759,2.335546,http://www.sec.gov/cgi-bin/browse-edgar?action=getcompany&CIK=SJM,Sí,Large Cap,Sin P/E (Pérdidas)
JBL,Jabil,Electronic Manufacturing Services,363.1,45.44431,0.0009,7.99,189.6,428.93,38048190464.0,2396999936.0,1.1327238,28.76951,http://www.sec.gov/cgi-bin/browse-edgar?action=getcompany&CIK=JBL,Sí,Large Cap,Sobrevalorada
JKHY,Jack Henry & Associates,Transaction & Payment Processing Services,153.31,21.412012,0.0155,7.16,121.04,193.39,10892795904.0,715414016.0,4.329947,5.113913,http://www.sec.gov/cgi-bin/browse-edgar?action=getcompany&CIK=JKHY,Sí,Large Cap,Neutral
J,Jacobs Solutions,Construction & Engineering,144.66,48.059803,0.01,3.01,105.68,168.44,17081580544.0,1056488000.0,1.2013025,5.1905274,http://www.sec.gov/cgi-bin/browse-edgar?action=getcompany&CIK=J,Sí,Large Cap,Sobrevalorada
JNJ,Johnson & Johnson,Pharmaceuticals,260.35,30.203018,0.0206,8.62,173.33,274.9,627417088000.0,34872000512.0,6.4068565,7.378699,http://www.sec.gov/cgi-bin/browse-edgar?action=getcompany&CIK=JNJ,Sí,Large Cap (Mega),Sobrevalorada
JCI,Johnson Controls,Building Products,153.64,43.278873,0.0104,3.55,103.07,157.06,93066117120.0,4325000192.0,3.7233894,6.902997,http://www.sec.gov/cgi-bin/browse-edgar?action=getcompany&CIK=JCI,Sí,Large Cap,Sobrevalorada
JPM,JPMorgan Chase,Diversified Banks,362.84,15.552507,0.0165,23.33,279.1,366.5,964496261120.0,,5.1763353,2.7279766,http://www.sec.gov/cgi-bin/browse-edgar?action=getcompany&CIK=JPM,Sí,Large Cap (Mega),Neutral
KVUE,Kenvue,Personal Care Products,19.2,22.588236,0.0438,0.85,14.02,21.845,36878852096.0,3480999936.0,2.3934872,3.49345,http://www.sec.gov/cgi-bin/browse-edgar?action=getcompany&CIK=KVUE,Sí,Large Cap,Neutral
KDP,Keurig Dr Pepper,Soft Drinks & Non-alcoholic Beverages,31.44,31.757576,0.0292,0.99,24.88,35.94,42784370688.0,4807000064.0,2.1296353,1.6932356,http://www.sec.gov/cgi-bin/browse-edgar?action=getcompany&CIK=KDP,Sí,Large Cap,Sobrevalorada
KEY,KeyCorp,Regional Banks,23.31,13.631578,0.0357,1.71,16.47,24.07,24989134848.0,,3.390196,1.4445959,http://www.sec.gov/cgi-bin/browse-edgar?action=getcompany&CIK=KEY,Sí,Large Cap,Subvalorada
KEYS,Keysight Technologies,Electronic Equipment & Instruments,357.82,57.434994,0.0,6.23,152.846,374.963,61149777920.0,1430000000.0,10.044313,9.650988,http://www.sec.gov/cgi-bin/browse-edgar?action=getcompany&CIK=KEYS,No,Large Cap,Sobrevalorada
KMB,Kimberly-Clark,Household Products,110.39,21.816206,0.0464,5.06,92.42,136.17,36642893824.0,3480999936.0,2.2097995,20.978714,http://www.sec.gov/cgi-bin/browse-edgar?action=getcompany&CIK=KMB,Sí,Large Cap,Neutral
KIM,Kimco Realty,Retail REITs,24.41,28.38372,0.0459,0.86,19.76,26.65,16373968896.0,1332118016.0,7.4864955,1.5937581,http://www.sec.gov/cgi-bin/browse-edgar?action=getcompany&CIK=KIM,Sí,Large Cap,Neutral
KMI,Kinder Morgan,Oil & Gas Storage & Transportation,32.82,21.174194,0.0368,1.55,25.6,34.81,73018785792.0,7634999808.0,4.0658603,2.3085039,http://www.sec.gov/cgi-bin/browse-edgar?action=getcompany&CIK=KMI,Sí,Large Cap,Neutral
KKR,KKR,Asset Management & Custody Banks,114.01,36.308918,0.0068,3.14,82.67,152.1,105298558976.0,,4.0761075,3.627657,http://www.sec.gov/cgi-bin/browse-edgar?action=getcompany&CIK=KKR,Sí,Large Cap,Sobrevalorada
KLAC,KLA Corporation,Semiconductor Materials & Equipment,203.72,55.509537,0.0045,3.67,83.224,307.37,266169712640.0,6054757888.0,19.600882,41.917694,http://www.sec.gov/cgi-bin/browse-edgar?action=getcompany&CIK=KLAC,Sí,Large Cap (Mega),Sobrevalorada
KHC,Kraft Heinz,Packaged Foods & Meats,25.51,,0.0627,-2.88,21.035,28.1,30250364928.0,5493000192.0,1.2148741,0.840278,http://www.sec.gov/cgi-bin/browse-edgar?action=getcompany&CIK=KHC,Sí,Large Cap,Sin P/E (Pérdidas)
KR,Kroger,Food Retail,56.69,33.152046,0.0254,1.71,54.15,76.58,34730975232.0,8080000000.0,0.23365048,6.1273236,http://www.sec.gov/cgi-bin/browse-edgar?action=getcompany&CIK=KR,Sí,Large Cap,Sobrevalorada
LHX,L3Harris,Aerospace & Defense,291.82,29.506573,0.0173,9.89,262.68,379.23,54341152768.0,2146000000.0,4.2269096,2.8392408,http://www.sec.gov/cgi-bin/browse-edgar?action=getcompany&CIK=LHX,Sí,Large Cap,Neutral
LH,LabCorp,Health Care Services,318.13,26.313482,0.0091,12.09,244.52,325.58,25800343552.0,2319800064.0,1.7981839,2.9902809,http://www.sec.gov/cgi-bin/browse-edgar?action=getcompany&CIK=LH,Sí,Large Cap,Neutral
LRCX,Lam Research,Semiconductor Materials & Equipment,332.36,57.801735,0.0031,5.75,94.11,438.5,415889031168.0,8641328128.0,17.901028,39.267487,http://www.sec.gov/cgi-bin/browse-edgar?action=getcompany&CIK=LRCX,Sí,Large Cap (Mega),Sobrevalorada
LW,Lamb Weston,Packaged Foods & Meats,53.07,25.514423,0.0286,2.08,37.62,67.07,7296230912.0,1104300032.0,1.1034331,3.997439,http://www.sec.gov/cgi-bin/browse-edgar?action=getcompany&CIK=LW,Sí,Mid Cap,Neutral
LVS,Las Vegas Sands,Casinos & Gaming,46.23,17.918606,0.026,2.58,44.21,70.45,29943226368.0,4639000064.0,2.18261,51.53846,http://www.sec.gov/cgi-bin/browse-edgar?action=getcompany&CIK=LVS,Sí,Large Cap,Neutral
LDOS,Leidos,Diversified Support Services,143.83,13.416978,0.012,10.72,98.86,205.77,18091722752.0,2382000128.0,1.0259567,3.4159029,http://www.sec.gov/cgi-bin/browse-edgar?action=getcompany&CIK=LDOS,Sí,Large Cap,Subvalorada
LEN,Lennar,Homebuilding,86.83,13.609718,0.023,6.38,79.83,144.24,20916924416.0,2285495040.0,0.6389338,0.96745443,http://www.sec.gov/cgi-bin/browse-edgar?action=getcompany&CIK=LEN,Sí,Large Cap,Subvalorada
LLY,Lilly (Eli),Pharmaceuticals,1180.16,39.682583,0.0057,29.74,685.15,1249.45,1051943960576.0,41706999808.0,13.204428,33.79901,http://www.sec.gov/cgi-bin/browse-edgar?action=getcompany&CIK=LLY,Sí,Large Cap (Mega),Sobrevalorada
LIN,Linde plc,Industrial Gases,482.74,31.144516,0.0133,15.5,387.78,548.2,222533550080.0,13822000128.0,6.2775693,5.6941657,http://www.sec.gov/cgi-bin/browse-edgar?action=getcompany&CIK=LIN,Sí,Large Cap (Mega),Sobrevalorada
LYV,Live Nation Entertainment,Movies & Entertainment,188.46,,0.0,-1.11,125.34,189.25,43903549440.0,1550790016.0,1.6710817,527.8992,http://www.sec.gov/cgi-bin/browse-edgar?action=getcompany&CIK=LYV,No,Large Cap,Sin P/E (Pérdidas)
LKQ,LKQ Corporation,Distributors,25.42,14.122223,0.0472,1.8,21.17,37.13,6431312896.0,1403000064.0,0.46985042,0.9991353,http://www.sec.gov/cgi-bin/browse-edgar?action=getcompany&CIK=LKQ,Sí,Mid Cap,Subvalorada
LMT,Lockheed Martin,Aerospace & Defense,608.68,22.419153,0.0231,27.15,437.25,692.0,140477710336.0,9680000000.0,1.8240542,15.966633,http://www.sec.gov/cgi-bin/browse-edgar?action=getcompany&CIK=LMT,Sí,Large Cap,Neutral
L,Loews Corporation,Multi-line Insurance,113.03,13.868712,0.0022,8.15,94.36,121.01,23106463744.0,3236999936.0,1.2360363,1.2086444,http://www.sec.gov/cgi-bin/browse-edgar?action=getcompany&CIK=L,Sí,Large Cap,Subvalorada
LOW,Lowe's,Home Improvement Retail,218.47,18.48308,0.0229,11.82,199.4,293.06,122561667072.0,12597000192.0,1.3859111,-13.2213745,http://www.sec.gov/cgi-bin/browse-edgar?action=getcompany&CIK=LOW,Sí,Large Cap,Neutral
LULU,Lululemon Athletica,"Apparel, Accessories & Luxury Goods",119.55,9.680161,0.0,12.35,104.44,225.98,13575371776.0,2565969920.0,1.2117034,2.834752,http://www.sec.gov/cgi-bin/browse-edgar?action=getcompany&CIK=LULU,No,Large Cap,Subvalorada
LYB,LyondellBasell,Specialty Chemicals,63.76,,0.0646,-0.83,41.58,83.94,20596899840.0,3568000000.0,0.66032636,1.9299574,http://www.sec.gov/cgi-bin/browse-edgar?action=getcompany&CIK=LYB,Sí,Large Cap,Sin P/E (Pérdidas)
MTB,M&T Bank,Regional Banks,254.09,13.458158,0.0236,18.88,174.76,255.68,36826021888.0,,3.8965213,1.4434471,http://www.sec.gov/cgi-bin/browse-edgar?action=getcompany&CIK=MTB,Sí,Large Cap,Subvalorada
MPC,Marathon Petroleum,Oil & Gas Refining & Marketing,355.42,12.332409,0.0113,28.82,160.87,360.1,103760125952.0,15397000192.0,0.6731289,6.2161365,http://www.sec.gov/cgi-bin/browse-edgar?action=getcompany&CIK=MPC,Sí,Large Cap,Subvalorada
MKTX,MarketAxess,Financial Exchanges & Data,162.57,19.216312,0.0192,8.46,108.75,195.97,5721308672.0,434956000.0,6.576028,4.619385,http://www.sec.gov/cgi-bin/browse-edgar?action=getcompany&CIK=MKTX,Sí,Mid Cap,Neutral
MAR,Marriott International,"Hotels, Resorts & Cruise Lines",356.72,36.889347,0.0082,9.67,256.76,410.98,93020553216.0,4814000128.0,12.595878,-20.63874,http://www.sec.gov/cgi-bin/browse-edgar?action=getcompany&CIK=MAR,Sí,Large Cap,Sobrevalorada
MLM,Martin Marietta Materials,Construction Materials,547.93,35.579872,0.0061,15.4,523.48,710.97,32911876096.0,2126000000.0,4.9210343,2.8497944,http://www.sec.gov/cgi-bin/browse-edgar?action=getcompany&CIK=MLM,Sí,Large Cap,Sobrevalorada
MAS,Masco,Building Products,74.33,17.126728,0.0172,4.34,58.16,83.64,14656942080.0,1508000000.0,1.9234833,-40.156673,http://www.sec.gov/cgi-bin/browse-edgar?action=getcompany&CIK=MAS,Sí,Large Cap,Neutral
MA,Mastercard,Transaction & Payment Processing Services,569.29,31.348568,0.0061,18.16,464.52,601.77,498703663104.0,22200999936.0,14.214966,89.00719,http://www.sec.gov/cgi-bin/browse-edgar?action=getcompany&CIK=MA,Sí,Large Cap (Mega),Sobrevalorada
MTCH,Match Group,Interactive Media & Services,37.95,13.457447,0.0215,2.82,28.81,41.4,8711459840.0,1188930048.0,2.4823782,-40.67524,http://www.sec.gov/cgi-bin/browse-edgar?action=getcompany&CIK=MTCH,Sí,Mid Cap,Subvalorada
MKC,McCormick & Company,Packaged Foods & Meats,54.67,9.096505,0.0351,6.01,44.82,72.58,14698114048.0,1451500032.0,1.9900503,2.101076,http://www.sec.gov/cgi-bin/browse-edgar?action=getcompany&CIK=MKC,Sí,Large Cap,Subvalorada
MCD,McDonald's,Restaurants,272.83,22.1813,0.0273,12.3,260.96,341.75,193065828352.0,14929999872.0,6.9693823,-188.67911,http://www.sec.gov/cgi-bin/browse-edgar?action=getcompany&CIK=MCD,Sí,Large Cap,Neutral
MCK,McKesson Corporation,Health Care Distributors,869.0,23.310087,0.0043,37.28,667.5,999.0,101317025792.0,7071000064.0,0.24652363,-23.77435,http://www.sec.gov/cgi-bin/browse-edgar?action=getcompany&CIK=MCK,Sí,Large Cap,Neutral
MDT,Medtronic,Health Care Equipment,91.27,24.469168,0.0316,3.73,73.31,106.33,116829716480.0,10103000064.0,3.212785,2.3621821,http://www.sec.gov/cgi-bin/browse-edgar?action=getcompany&CIK=MDT,Sí,Large Cap,Neutral
MRK,Merck & Co.,Pharmaceuticals,135.84,108.672,0.025,1.25,77.58,135.97,335140585472.0,28871000064.0,5.0344844,7.312661,http://www.sec.gov/cgi-bin/browse-edgar?action=getcompany&CIK=MRK,Sí,Large Cap (Mega),Sobrevalorada
META,Meta Platforms,Interactive Media & Services,589.85,22.224941,0.0036,26.54,520.26,790.8,1502646501376.0,109654999040.0,6.583423,5.7535114,http://www.sec.gov/cgi-bin/browse-edgar?action=getcompany&CIK=META,Sí,Large Cap (Mega),Neutral
MET,MetLife,Life & Health Insurance,97.66,18.708815,0.0243,5.22,67.33,100.93,62060679168.0,6040000000.0,0.7816403,2.269685,http://www.sec.gov/cgi-bin/browse-edgar?action=getcompany&CIK=MET,Sí,Large Cap,Neutral
MTD,Mettler Toledo,Life Sciences Tools & Services,1419.02,31.945522,0.0,44.42,1023.05,1525.17,28432279552.0,1275713024.0,6.8778763,2217.2188,http://www.sec.gov/cgi-bin/browse-edgar?action=getcompany&CIK=MTD,No,Large Cap,Sobrevalorada
MGM,MGM Resorts,Casinos & Gaming,44.1,26.727272,0.0,1.65,29.19,51.59,11095239680.0,2237483008.0,0.62468123,4.413531,http://www.sec.gov/cgi-bin/browse-edgar?action=getcompany&CIK=MGM,No,Large Cap,Neutral
MCHP,Microchip Technology,Semiconductors,79.17,116.42647,0.023,0.68,48.52,105.91,42989998080.0,1506099968.0,8.392714,6.664141,http://www.sec.gov/cgi-bin/browse-edgar?action=getcompany&CIK=MCHP,Sí,Large Cap,Sobrevalorada
MU,Micron Technology,Semiconductors,971.66,21.978285,0.0005,44.21,113.46,1255.0,1097386098688.0,68222001152.0,12.156171,10.891218,http://www.sec.gov/cgi-bin/browse-edgar?action=getcompany&CIK=MU,Sí,Large Cap (Mega),Neutral
MSFT,Microsoft,Systems Software,495.4,27.62967,0.0073,17.93,349.2,553.72,3678615371776.0,194237005824.0,11.085542,8.316965,http://www.sec.gov/cgi-bin/browse-edgar?action=getcompany&CIK=MSFT,Sí,Large Cap (Mega),Neutral
MAA,Mid-America Apartment Communities,Multi-Family Residential REITs,133.49,39.032166,0.0456,3.42,120.3,146.41,15928913920.0,1238054016.0,7.1791286,2.8499756,http://www.sec.gov/cgi-bin/browse-edgar?action=getcompany&CIK=MAA,Sí,Large Cap,Sobrevalorada
MRNA,Moderna,Biotechnology,63.32,,0.0,-7.98,22.28,85.6,25279617024.0,-2195000064.0,11.346327,3.7367957,http://www.sec.gov/cgi-bin/browse-edgar?action=getcompany&CIK=MRNA,No,Large Cap,Sin P/E (Pérdidas)
MHK,Mohawk Industries,Home Furnishings,140.1,18.556292,0.0,7.55,92.99,143.13,9490114560.0,1504199936.0,0.8490297,1.1121784,http://www.sec.gov/cgi-bin/browse-edgar?action=getcompany&CIK=MHK,No,Mid Cap,Neutral
MOH,Molina Healthcare,Managed Health Care,212.43,1249.5881,0.0,0.17,121.06,244.89,11088845824.0,390000000.0,0.26110446,2.648357,http://www.sec.gov/cgi-bin/browse-edgar?action=getcompany&CIK=MOH,No,Large Cap,Sobrevalorada
TAP,Molson Coors Beverage Company,Brewers,42.77,,0.0456,-11.44,38.04,54.82,7974635008.0,2263399936.0,0.71950513,0.7899305,http://www.sec.gov/cgi-bin/browse-edgar?action=getcompany&CIK=TAP,Sí,Mid Cap,Sin P/E (Pérdidas)
MDLZ,Mondelez International,Packaged Foods & Meats,63.61,39.02454,0.0314,1.63,51.2,66.65,81652965376.0,6080000000.0,2.0580459,3.057732,http://www.sec.gov/cgi-bin/browse-edgar?action=getcompany&CIK=MDLZ,Sí,Large Cap,Sobrevalorada
MPWR,Monolithic Power Systems,Semiconductors,1402.01,85.48842,0.0057,16.4,800.97,1714.09,68898979840.0,1000281984.0,21.049696,17.686739,http://www.sec.gov/cgi-bin/browse-edgar?action=getcompany&CIK=MPWR,Sí,Large Cap,Sobrevalorada
MNST,Monster Beverage,Soft Drinks & Non-alcoholic Beverages,46.82,43.35185,0.0,1.08,30.485,50.17,91722801152.0,2933317120.0,9.9493685,9.794978,http://www.sec.gov/cgi-bin/browse-edgar?action=getcompany&CIK=MNST,No,Large Cap,Sobrevalorada
MCO,Moody's Corporation,Financial Exchanges & Data,484.96,30.771572,0.0085,15.76,402.28,546.88,83985850368.0,4052999936.0,10.292383,27.764357,http://www.sec.gov/cgi-bin/browse-edgar?action=getcompany&CIK=MCO,Sí,Large Cap,Sobrevalorada
MS,Morgan Stanley,Investment Banking & Brokerage,217.36,17.54318,0.0212,12.39,141.03,232.25,341689925632.0,,4.3903213,3.2058523,http://www.sec.gov/cgi-bin/browse-edgar?action=getcompany&CIK=MS,Sí,Large Cap (Mega),Neutral
MOS,Mosaic Company (The),Fertilizers & Agricultural Chemicals,21.61,,0.0407,-2.02,19.8,36.99,6869725184.0,1718700032.0,0.56089,0.5992457,http://www.sec.gov/cgi-bin/browse-edgar?action=getcompany&CIK=MOS,Sí,Mid Cap,Sin P/E (Pérdidas)
MSI,Motorola Solutions,Communications Equipment,466.51,36.76202,0.0104,12.69,359.36,493.57,77204512768.0,3758000128.0,6.309105,28.895014,http://www.sec.gov/cgi-bin/browse-edgar?action=getcompany&CIK=MSI,Sí,Large Cap,Sobrevalorada
MSCI,MSCI,Financial Exchanges & Data,569.13,31.151068,0.0144,18.27,501.08,644.77,41375752192.0,1962299008.0,12.41114,-15.384387,http://www.sec.gov/cgi-bin/browse-edgar?action=getcompany&CIK=MSCI,Sí,Large Cap,Sobrevalorada
NDAQ,"Nasdaq, Inc.",Financial Exchanges & Data,97.02,28.285713,0.012,3.43,76.55,101.79,54231982080.0,3352999936.0,9.660132,4.54831,http://www.sec.gov/cgi-bin/browse-edgar?action=getcompany&CIK=NDAQ,Sí,Large Cap,Neutral
NTAP,NetApp,"Technology Hardware, Storage & Peripherals",207.08,32.55975,0.0101,6.36,93.69,209.06,40571097088.0,1884000000.0,5.858642,30.042072,http://www.sec.gov/cgi-bin/browse-edgar?action=getcompany&CIK=NTAP,Sí,Large Cap,Sobrevalorada
NFLX,Netflix,Movies & Entertainment,78.16,24.578617,0.0,3.18,65.08,126.71,325453545472.0,14726931456.0,6.7283106,10.794089,http://www.sec.gov/cgi-bin/browse-edgar?action=getcompany&CIK=NFLX,No,Large Cap (Mega),Neutral
NEM,Newmont,Gold,117.76,14.849937,0.0088,7.93,67.2,134.88,124082806784.0,17057999872.0,4.8155704,3.5384617,http://www.sec.gov/cgi-bin/browse-edgar?action=getcompany&CIK=NEM,Sí,Large Cap,Subvalorada
NWSA,News Corp (Class A),Publishing,29.16,28.31068,0.0069,1.03,22.2,31.61,15756238848.0,1338000000.0,1.7452636,1.8586271,http://www.sec.gov/cgi-bin/browse-edgar?action=getcompany&CIK=NWSA,Sí,Large Cap,Neutral
NWS,News Corp (Class B),Publishing,33.17,32.203884,0.006,1.03,25.49,35.31,17922990080.0,1338000000.0,1.985267,2.1261456,http://www.sec.gov/cgi-bin/browse-edgar?action=getcompany&CIK=NWS,Sí,Large Cap,Sobrevalorada
NEE,NextEra Energy,Multi-Utilities,86.19,19.36854,0.0289,4.45,69.24,98.75,179758333952.0,14593000448.0,6.2633567,3.1469986,http://www.sec.gov/cgi-bin/browse-edgar?action=getcompany&CIK=NEE,Sí,Large Cap,Neutral
NKE,"Nike, Inc.","Apparel, Accessories & Luxury Goods",40.73,19.395239,0.0403,2.1,40.0,80.17,60422901760.0,4928999936.0,1.2999812,4.063248,http://www.sec.gov/cgi-bin/browse-edgar?action=getcompany&CIK=NKE,Sí,Large Cap,Neutral
NI,NiSource,Multi-Utilities,42.5,22.606382,0.0282,1.88,38.45,49.21,20381304832.0,3025999872.0,2.9617531,2.1093905,http://www.sec.gov/cgi-bin/browse-edgar?action=getcompany&CIK=NI,Sí,Large Cap,Neutral
NDSN,Nordson Corporation,Industrial Machinery & Supplies & Components,308.72,33.01818,0.0106,9.35,211.5,315.68,17201244160.0,911212992.0,5.924034,5.3716593,http://www.sec.gov/cgi-bin/browse-edgar?action=getcompany&CIK=NDSN,Sí,Large Cap,Sobrevalorada
NSC,Norfolk Southern Railway,Rail Transportation,334.41,28.582052,0.0161,11.7,268.23,358.6,75111284736.0,5663000064.0,5.9897356,4.6213484,http://www.sec.gov/cgi-bin/browse-edgar?action=getcompany&CIK=NSC,Sí,Large Cap,Neutral
NTRS,Northern Trust,Asset Management & Custody Banks,191.41,16.444159,0.0171,11.64,121.12,195.78,35019542528.0,,3.8544428,2.926669,http://www.sec.gov/cgi-bin/browse-edgar?action=getcompany&CIK=NTRS,Sí,Large Cap,Neutral
NOC,Northrop Grumman,Aerospace & Defense,585.87,18.622696,0.016,31.46,479.02,774.0,83230466048.0,7255000064.0,1.9404659,4.6538987,http://www.sec.gov/cgi-bin/browse-edgar?action=getcompany&CIK=NOC,Sí,Large Cap,Neutral
NCLH,Norwegian Cruise Line Holdings,"Hotels, Resorts & Cruise Lines",19.01,11.521213,0.0,1.65,14.53,27.18,8729160704.0,2594191872.0,0.8596511,3.3928251,http://www.sec.gov/cgi-bin/browse-edgar?action=getcompany&CIK=NCLH,No,Mid Cap,Subvalorada
NRG,NRG Energy,Independent Power Producers & Energy Traders,126.24,32.875,0.0151,3.84,112.5,189.96,26536970240.0,3252999936.0,0.8011161,6.3138943,http://www.sec.gov/cgi-bin/browse-edgar?action=getcompany&CIK=NRG,Sí,Large Cap,Sobrevalorada
NUE,Nucor,Steel,268.91,21.461294,0.0083,12.53,131.32,280.11,61009141760.0,5680999936.0,1.689957,2.7755873,http://www.sec.gov/cgi-bin/browse-edgar?action=getcompany&CIK=NUE,Sí,Large Cap,Neutral
NVDA,Nvidia,Semiconductors,225.16,34.480858,0.0044,6.53,164.07,236.54,5453600260096.0,165514002432.0,21.513979,27.90087,http://www.sec.gov/cgi-bin/browse-edgar?action=getcompany&CIK=NVDA,Sí,Large Cap (Mega),Sobrevalorada
NVR,"NVR, Inc.",Homebuilding,6307.93,16.393602,0.0,384.78,5501.01,8618.28,16809750528.0,1536605952.0,1.7453188,4.981607,http://www.sec.gov/cgi-bin/browse-edgar?action=getcompany&CIK=NVR,No,Large Cap,Neutral
NXPI,NXP Semiconductors,Semiconductors,234.71,46.754982,0.0173,5.02,183.0,339.95,59185455104.0,5068000256.0,4.4888473,5.1941934,http://www.sec.gov/cgi-bin/browse-edgar?action=getcompany&CIK=NXPI,Sí,Large Cap,Sobrevalorada
ORLY,O'Reilly Auto Parts,Automotive Retail,91.05,28.904762,0.0,3.15,82.59,108.72,73655877632.0,4169743872.0,3.9658437,-40.48466,http://www.sec.gov/cgi-bin/browse-edgar?action=getcompany&CIK=ORLY,No,Large Cap,Neutral
OXY,Occidental Petroleum,Oil & Gas Exploration & Production,58.36,17.21534,0.0192,3.39,38.8,67.45,58338836480.0,13717999616.0,2.438303,1.743703,http://www.sec.gov/cgi-bin/browse-edgar?action=getcompany&CIK=OXY,Sí,Large Cap,Neutral
ODFL,Old Dominion,Cargo Ground Transportation,210.97,40.649326,0.0055,5.19,126.01,252.03,43746025472.0,1793243008.0,7.808295,9.6254225,http://www.sec.gov/cgi-bin/browse-edgar?action=getcompany&CIK=ODFL,Sí,Large Cap,Sobrevalorada
OMC,Omnicom Group,Advertising,87.57,236.67567,0.0365,0.37,66.33,88.55,24957992960.0,3676499968.0,1.1156255,2.4865127,http://www.sec.gov/cgi-bin/browse-edgar?action=getcompany&CIK=OMC,Sí,Large Cap,Sobrevalorada
ON,ON Semiconductor,Semiconductors,82.66,54.026146,0.0,1.53,44.56,134.92,32180506624.0,2089900032.0,5.192247,4.4577475,http://www.sec.gov/cgi-bin/browse-edgar?action=getcompany&CIK=ON,No,Large Cap,Sobrevalorada
OKE,ONEOK,Oil & Gas Storage & Transportation,94.99,16.405872,0.0451,5.79,64.02,96.07,59846815744.0,7670000128.0,1.5202667,2.6768303,http://www.sec.gov/cgi-bin/browse-edgar?action=getcompany&CIK=OKE,Sí,Large Cap,Neutral
ORCL,Oracle Corporation,Application Software,150.52,25.818182,0.0128,5.83,114.5,345.72,433568514048.0,30493999104.0,6.436874,11.542945,http://www.sec.gov/cgi-bin/browse-edgar?action=getcompany&CIK=ORCL,Sí,Large Cap (Mega),Neutral
OTIS,Otis Worldwide,Industrial Machinery & Supplies & Components,72.63,18.67095,0.0242,3.89,69.16,94.565,27648014336.0,2640000000.0,1.8542026,-4.810252,http://www.sec.gov/cgi-bin/browse-edgar?action=getcompany&CIK=OTIS,Sí,Large Cap,Neutral
PCAR,Paccar,Construction Machinery & Heavy Transportation Equipment,130.79,27.534735,0.0107,4.75,92.25,139.24,68843266048.0,3271600128.0,2.4749699,3.3877275,http://www.sec.gov/cgi-bin/browse-edgar?action=getcompany&CIK=PCAR,Sí,Large Cap,Neutral
PKG,Packaging Corporation of America,Paper & Plastic Packaging Products & Materials,255.48,33.222366,0.0235,7.69,191.5,259.98,22762831872.0,2000099968.0,2.3873923,4.930904,http://www.sec.gov/cgi-bin/browse-edgar?action=getcompany&CIK=PKG,Sí,Large Cap,Sobrevalorada
PLTR,Palantir Technologies,Internet Services & Infrastructure,174.04,148.75214,0.0,1.17,106.37,207.52,418228273152.0,2662629888.0,67.938965,42.782696,http://www.sec.gov/cgi-bin/browse-edgar?action=getcompany&CIK=PLTR,No,Large Cap (Mega),Sobrevalorada
PANW,Palo Alto Networks,Systems Software,384.27,334.14783,0.0,1.15,139.57,398.88,313180028928.0,1483500032.0,29.52718,11.29143,http://www.sec.gov/cgi-bin/browse-edgar?action=getcompany&CIK=PANW,No,Large Cap (Mega),Sobrevalorada
PARA,Paramount Global,Movies & Entertainment,1.7,0.0066771405,0.0,254.6,1.6,79.6,5634492.0,-18129508.0,0.490877,0.18211034,http://www.sec.gov/cgi-bin/browse-edgar?action=getcompany&CIK=PARA,No,Small Cap,Subvalorada
PH,Parker Hannifin,Industrial Machinery & Supplies & Components,1055.85,37.034374,0.0076,28.51,715.37,1099.94,133128314880.0,5570999808.0,6.192302,9.112761,http://www.sec.gov/cgi-bin/browse-edgar?action=getcompany&CIK=PH,Sí,Large Cap,Sobrevalorada
PAYX,Paychex,Human Resource & Employment Services,122.02,24.952965,0.038,4.89,85.45,141.19,43400421376.0,1608000000.0,10.937606,11.616527,http://www.sec.gov/cgi-bin/browse-edgar?action=getcompany&CIK=PAYX,Sí,Large Cap,Neutral
PAYC,Paycom,Human Resource & Employment Services,218.13,23.08254,0.0069,9.45,104.9,234.6,9831473152.0,735100032.0,4.592644,12.235935,http://www.sec.gov/cgi-bin/browse-edgar?action=getcompany&CIK=PAYC,Sí,Mid Cap,Neutral
PYPL,PayPal,Transaction & Payment Processing Services,61.66,11.655954,0.0091,5.29,38.46,79.215,53150920704.0,6456000000.0,1.5573993,2.6816857,http://www.sec.gov/cgi-bin/browse-edgar?action=getcompany&CIK=PYPL,Sí,Large Cap,Subvalorada
PNR,Pentair,Industrial Machinery & Supplies & Components,66.16,17.051546,0.0159,3.88,57.6,113.95,10691822592.0,1034800000.0,2.6650937,2.806125,http://www.sec.gov/cgi-bin/browse-edgar?action=getcompany&CIK=PNR,Sí,Large Cap,Neutral
PEP,PepsiCo,Soft Drinks & Non-alcoholic Beverages,140.79,18.452162,0.0421,7.63,133.73,171.48,192319127552.0,18882000896.0,1.9846355,8.703096,http://www.sec.gov/cgi-bin/browse-edgar?action=getcompany&CIK=PEP,Sí,Large Cap,Neutral
PFE,Pfizer,Pharmaceuticals,26.79,35.25,0.0642,0.76,23.58,28.75,152694259712.0,25383000064.0,2.3972347,1.7924529,http://www.sec.gov/cgi-bin/browse-edgar?action=getcompany&CIK=PFE,Sí,Large Cap,Sobrevalorada
PCG,PG&E Corporation,Multi-Utilities,17.84,12.834533,0.0112,1.39,14.3,19.16,39290228736.0,10453000192.0,1.5206962,1.2155901,http://www.sec.gov/cgi-bin/browse-edgar?action=getcompany&CIK=PCG,Sí,Large Cap,Subvalorada
PM,Philip Morris International,Tobacco,190.39,26.116598,0.0311,7.29,142.11,207.76,296744386560.0,18015000576.0,6.974836,-34.57236,http://www.sec.gov/cgi-bin/browse-edgar?action=getcompany&CIK=PM,Sí,Large Cap (Mega),Neutral
PSX,Phillips 66,Oil & Gas Refining & Marketing,233.61,13.333904,0.0217,17.52,121.24,236.14,93215277056.0,9925000192.0,0.61258537,3.2831604,http://www.sec.gov/cgi-bin/browse-edgar?action=getcompany&CIK=PSX,Sí,Large Cap,Subvalorada
PNW,Pinnacle West,Multi-Utilities,101.48,19.477928,0.0359,5.21,85.32,111.16,12299095040.0,2149111040.0,2.214356,1.7482386,http://www.sec.gov/cgi-bin/browse-edgar?action=getcompany&CIK=PNW,Sí,Large Cap,Neutral
PNC,PNC Financial Services,Diversified Banks,256.97,14.142543,0.0311,18.17,176.88,258.13,102531031040.0,,4.2160873,1.6037171,http://www.sec.gov/cgi-bin/browse-edgar?action=getcompany&CIK=PNC,Sí,Large Cap,Subvalorada
POOL,Pool Corporation,Distributors,194.84,17.891644,0.0267,10.89,172.68,336.15,7080631296.0,642593024.0,1.3126154,5.6195197,http://www.sec.gov/cgi-bin/browse-edgar?action=getcompany&CIK=POOL,Sí,Mid Cap,Neutral
PPG,PPG Industries,Specialty Chemicals,114.11,16.371593,0.0259,6.97,93.39,133.43,25366652928.0,2697999872.0,1.544769,3.004476,http://www.sec.gov/cgi-bin/browse-edgar?action=getcompany&CIK=PPG,Sí,Large Cap,Neutral
PPL,PPL Corporation,Electric Utilities,36.02,21.313608,0.0316,1.69,33.17,40.11,27099660288.0,3759000064.0,2.8835561,1.8012702,http://www.sec.gov/cgi-bin/browse-edgar?action=getcompany&CIK=PPL,Sí,Large Cap,Neutral
PFG,Principal Financial Group,Life & Health Insurance,113.98,16.236467,0.0295,7.02,77.15,116.61,24403648512.0,2151500032.0,1.555046,2.0147064,http://www.sec.gov/cgi-bin/browse-edgar?action=getcompany&CIK=PFG,Sí,Large Cap,Neutral
PG,Procter & Gamble,Personal Care Products,144.55,21.835348,0.0301,6.62,137.62,167.25,336598990848.0,24752001024.0,3.8675315,6.2992983,http://www.sec.gov/cgi-bin/browse-edgar?action=getcompany&CIK=PG,Sí,Large Cap (Mega),Neutral
PGR,Progressive Corporation,Property & Casualty Insurance,209.6,10.5168085,0.0019,19.93,189.2,254.93,121855524864.0,15397999616.0,1.3387922,3.5469515,http://www.sec.gov/cgi-bin/browse-edgar?action=getcompany&CIK=PGR,Sí,Large Cap,Subvalorada
PLD,Prologis,Industrial REITs,141.03,31.47991,0.0303,4.48,105.42,153.35,137094045696.0,6737149952.0,14.195642,2.452056,http://www.sec.gov/cgi-bin/browse-edgar?action=getcompany&CIK=PLD,Sí,Large Cap,Sobrevalorada
PRU,Prudential Financial,Life & Health Insurance,125.13,11.354809,0.0448,11.02,91.89,127.72,43169849344.0,5206000128.0,0.6618706,1.3592075,http://www.sec.gov/cgi-bin/browse-edgar?action=getcompany&CIK=PRU,Sí,Large Cap,Subvalorada
PTC,PTC Inc.,Application Software,149.75,14.538835,0.0,10.3,108.5,217.64,16248812544.0,1275965952.0,5.5006657,4.778391,http://www.sec.gov/cgi-bin/browse-edgar?action=getcompany&CIK=PTC,No,Large Cap,Subvalorada
PEG,Public Service Enterprise Group,Electric Utilities,76.04,18.915422,0.0352,4.02,74.2,87.63,37892362240.0,4463000064.0,3.0209968,2.1852458,http://www.sec.gov/cgi-bin/browse-edgar?action=getcompany&CIK=PEG,Sí,Large Cap,Neutral
PSA,Public Storage,Self-Storage REITs,325.93,155.94737,0.0365,2.09,256.54,335.55,60866039808.0,3436555008.0,12.395221,11.8257675,http://www.sec.gov/cgi-bin/browse-edgar?action=getcompany&CIK=PSA,Sí,Large Cap,Sobrevalorada
PHM,PulteGroup,Homebuilding,130.18,13.297241,0.008,9.79,108.49,144.5,24797511680.0,2753777920.0,1.5113913,1.8773342,http://www.sec.gov/cgi-bin/browse-edgar?action=getcompany&CIK=PHM,Sí,Large Cap,Subvalorada
QRVO,Qorvo,Semiconductors,98.11,22.763342,0.0,4.31,74.92,109.49,8655069184.0,885481024.0,2.374808,2.4928856,http://www.sec.gov/cgi-bin/browse-edgar?action=getcompany&CIK=QRVO,No,Mid Cap,Neutral
QCOM,Qualcomm,Semiconductors,165.79,18.947428,0.0222,8.75,121.99,259.92,174079492096.0,11998999552.0,3.9501576,6.3358426,http://www.sec.gov/cgi-bin/browse-edgar?action=getcompany&CIK=QCOM,Sí,Large Cap,Neutral
PWR,Quanta Services,Construction & Engineering,685.78,78.73479,0.0006,8.71,363.01,788.75,103102496768.0,3045004032.0,3.1333249,10.692591,http://www.sec.gov/cgi-bin/browse-edgar?action=getcompany&CIK=PWR,Sí,Large Cap,Sobrevalorada
DGX,Quest Diagnostics,Health Care Services,234.4,24.883226,0.0147,9.42,171.18,240.13,25871515648.0,2265999872.0,2.2380204,3.4305615,http://www.sec.gov/cgi-bin/browse-edgar?action=getcompany&CIK=DGX,Sí,Large Cap,Neutral
RL,Ralph Lauren Corporation,"Apparel, Accessories & Luxury Goods",388.92,24.506617,0.0096,15.87,283.5,421.6,23172724736.0,1593200000.0,2.7734494,8.226236,http://www.sec.gov/cgi-bin/browse-edgar?action=getcompany&CIK=RL,Sí,Large Cap,Neutral
RJF,Raymond James Financial,Investment Banking & Brokerage,180.81,15.777487,0.0119,11.46,138.82,182.73,34780921856.0,,2.2822127,2.7354836,http://www.sec.gov/cgi-bin/browse-edgar?action=getcompany&CIK=RJF,Sí,Large Cap,Neutral
O,Realty Income,Retail REITs,62.74,45.79562,0.0518,1.37,55.86,67.94,59364712448.0,5357639168.0,9.78726,1.5010288,http://www.sec.gov/cgi-bin/browse-edgar?action=getcompany&CIK=O,Sí,Large Cap,Sobrevalorada
REG,Regency Centers,Retail REITs,76.71,25.828281,0.0394,2.97,66.86,83.66,14341604352.0,1071214976.0,8.508652,2.1075914,http://www.sec.gov/cgi-bin/browse-edgar?action=getcompany&CIK=REG,Sí,Large Cap,Neutral
REGN,Regeneron Pharmaceuticals,Biotechnology,803.48,19.878279,0.0047,40.42,541.0,821.11,82722275328.0,4702400000.0,5.325,2.5417655,http://www.sec.gov/cgi-bin/browse-edgar?action=getcompany&CIK=REGN,Sí,Large Cap,Neutral
RF,Regions Financial Corporation,Regional Banks,31.9,12.96748,0.0346,2.46,22.7,32.47,27176552448.0,,3.7547047,1.5570089,http://www.sec.gov/cgi-bin/browse-edgar?action=getcompany&CIK=RF,Sí,Large Cap,Subvalorada
RSG,Republic Services,Environmental & Facilities Services,214.71,30.412182,0.0125,7.06,196.41,238.62,65746993152.0,5256999936.0,3.8924274,5.520105,http://www.sec.gov/cgi-bin/browse-edgar?action=getcompany&CIK=RSG,Sí,Large Cap,Sobrevalorada
RMD,ResMed,Health Care Equipment,224.46,21.500002,0.0118,10.44,180.27,293.81,32378873856.0,2095774976.0,5.727284,4.9322114,http://www.sec.gov/cgi-bin/browse-edgar?action=getcompany&CIK=RMD,Sí,Large Cap,Neutral
RVTY,Revvity,Health Care Equipment,116.84,56.173077,0.0024,2.08,81.22,118.34,13037754368.0,875832000.0,4.4775414,1.8035595,http://www.sec.gov/cgi-bin/browse-edgar?action=getcompany&CIK=RVTY,Sí,Large Cap,Sobrevalorada
ROK,Rockwell Automation,Electrical Components & Equipment,449.37,41.997196,0.0124,10.7,332.71,497.36,49901940736.0,2092000000.0,5.561344,14.282036,http://www.sec.gov/cgi-bin/browse-edgar?action=getcompany&CIK=ROK,Sí,Large Cap,Sobrevalorada
ROL,"Rollins, Inc.",Environmental & Facilities Services,36.2,32.909092,0.0202,1.1,35.97,66.14,17417463808.0,865038016.0,4.4386797,12.613241,http://www.sec.gov/cgi-bin/browse-edgar?action=getcompany&CIK=ROL,Sí,Large Cap,Sobrevalorada
ROP,Roper Technologies,Electronic Equipment & Instruments,399.34,16.639166,0.0092,24.0,305.96,544.94,39495073792.0,3238000128.0,4.7697635,2.1119826,http://www.sec.gov/cgi-bin/browse-edgar?action=getcompany&CIK=ROP,Sí,Large Cap,Neutral
ROST,Ross Stores,Apparel Retail,245.36,34.268158,0.0073,7.16,143.39,257.0,78706851840.0,3430964992.0,3.31034,12.492872,http://www.sec.gov/cgi-bin/browse-edgar?action=getcompany&CIK=ROST,Sí,Large Cap,Sobrevalorada
RCL,Royal Caribbean Group,"Hotels, Resorts & Cruise Lines",305.0,18.82716,0.0164,16.2,232.1,366.5,81572880384.0,6926000128.0,4.3663893,7.9690647,http://www.sec.gov/cgi-bin/browse-edgar?action=getcompany&CIK=RCL,Sí,Large Cap,Neutral
RTX,RTX Corporation,Aerospace & Defense,222.97,39.18629,0.0131,5.69,150.61,226.88,300509626368.0,15895000064.0,3.2140067,4.52731,http://www.sec.gov/cgi-bin/browse-edgar?action=getcompany&CIK=RTX,Sí,Large Cap (Mega),Sobrevalorada
SPGI,S&P Global,Financial Exchanges & Data,418.8,25.50548,0.0093,16.42,361.03122,529.4229,123462238208.0,8143000064.0,7.6579976,3.9193296,http://www.sec.gov/cgi-bin/browse-edgar?action=getcompany&CIK=SPGI,Sí,Large Cap,Neutral
CRM,Salesforce,Application Software,196.21,22.735806,0.009,8.63,146.32,269.11,160695992320.0,12894999552.0,3.752037,4.6939073,http://www.sec.gov/cgi-bin/browse-edgar?action=getcompany&CIK=CRM,Sí,Large Cap,Neutral
SBAC,SBA Communications,Telecom Tower REITs,185.2,20.0,0.0269,9.26,162.41,225.33,19647518720.0,1833553024.0,6.844342,-4.2436185,http://www.sec.gov/cgi-bin/browse-edgar?action=getcompany&CIK=SBAC,Sí,Large Cap,Neutral
SLB,Schlumberger,Oil & Gas Equipment & Services,53.77,26.229269,0.0219,2.05,31.64,58.82,79802384384.0,7383000064.0,2.194423,3.0606785,http://www.sec.gov/cgi-bin/browse-edgar?action=getcompany&CIK=SLB,Sí,Large Cap,Neutral
STX,Seagate Technology,"Technology Hardware, Storage & Peripherals",973.44,69.93104,0.003,13.92,152.5,1145.0,220970876928.0,4502000128.0,18.119793,199.4754,http://www.sec.gov/cgi-bin/browse-edgar?action=getcompany&CIK=STX,Sí,Large Cap (Mega),Sobrevalorada
SRE,Sempra,Multi-Utilities,86.41,25.046377,0.0304,3.45,78.97,101.04,56503533568.0,5873999872.0,4.169387,1.75114,http://www.sec.gov/cgi-bin/browse-edgar?action=getcompany&CIK=SRE,Sí,Large Cap,Neutral
NOW,ServiceNow,Systems Software,124.0,77.5,0.0,1.6,81.24,194.726,128198893568.0,2896999936.0,8.702069,10.242855,http://www.sec.gov/cgi-bin/browse-edgar?action=getcompany&CIK=NOW,No,Large Cap,Sobrevalorada
SHW,Sherwin-Williams,Specialty Chemicals,359.1,33.127308,0.0089,10.84,289.86,379.65,87174447104.0,4709100032.0,3.5712156,22.48169,http://www.sec.gov/cgi-bin/browse-edgar?action=getcompany&CIK=SHW,Sí,Large Cap,Sobrevalorada
SPG,Simon Property Group,Retail REITs,219.58,62.02825,0.0405,3.54,172.09,238.5,83357728768.0,5125174784.0,12.009947,14.778571,http://www.sec.gov/cgi-bin/browse-edgar?action=getcompany&CIK=SPG,Sí,Large Cap,Sobrevalorada
SWKS,Skyworks Solutions,Semiconductors,69.62,36.07254,0.0413,1.93,51.93,90.9,10471264256.0,880200000.0,2.6086206,1.8259548,http://www.sec.gov/cgi-bin/browse-edgar?action=getcompany&CIK=SWKS,Sí,Large Cap,Sobrevalorada
SW,Smurfit WestRock,Paper & Plastic Packaging Products & Materials,49.25,52.393616,0.0367,0.94,32.729,52.65,25832753152.0,4576000000.0,0.8246426,1.4322689,http://www.sec.gov/cgi-bin/browse-edgar?action=getcompany&CIK=SW,Sí,Large Cap,Sobrevalorada
SNA,Snap-on,Industrial Machinery & Supplies & Components,403.56,20.579296,0.0242,19.61,319.2,423.02,20874997760.0,1415500032.0,3.9574206,3.4549594,http://www.sec.gov/cgi-bin/browse-edgar?action=getcompany&CIK=SNA,Sí,Large Cap,Neutral
SOLV,Solventum,Health Care Technology,88.59,10.830072,0.0,8.18,62.38,90.0,15080119296.0,1139000064.0,1.8146955,3.0937662,http://www.sec.gov/cgi-bin/browse-edgar?action=getcompany&CIK=SOLV,No,Large Cap,Subvalorada
SO,Southern Company,Electric Utilities,92.8,22.361446,0.0328,4.15,83.8,100.84,106753687552.0,14257999872.0,3.53735,2.6978314,http://www.sec.gov/cgi-bin/browse-edgar?action=getcompany&CIK=SO,Sí,Large Cap,Neutral
LUV,Southwest Airlines,Passenger Airlines,44.26,27.662498,0.0163,1.6,29.26,55.11,21652353024.0,2337999872.0,0.7199931,3.0574744,http://www.sec.gov/cgi-bin/browse-edgar?action=getcompany&CIK=LUV,Sí,Large Cap,Neutral
SWK,Stanley Black & Decker,Industrial Machinery & Supplies & Components,102.07,24.95599,0.0329,4.09,61.9,104.68,15414267904.0,1791000064.0,1.0109241,1.7674459,http://www.sec.gov/cgi-bin/browse-edgar?action=getcompany&CIK=SWK,Sí,Large Cap,Neutral
SBUX,Starbucks,Restaurants,107.69,62.248554,0.023,1.73,77.99,110.51,122766606336.0,5642299904.0,3.202192,-15.994357,http://www.sec.gov/cgi-bin/browse-edgar?action=getcompany&CIK=SBUX,Sí,Large Cap,Sobrevalorada
STT,State Street Corporation,Asset Management & Custody Banks,191.74,16.923214,0.0192,11.33,104.64,192.51,52671315968.0,,3.5060453,2.2037053,http://www.sec.gov/cgi-bin/browse-edgar?action=getcompany&CIK=STT,Sí,Large Cap,Neutral
STLD,Steel Dynamics,Steel,255.77,23.209618,0.0083,11.02,124.77,288.74,36659027968.0,2674440960.0,1.7848778,3.8994677,http://www.sec.gov/cgi-bin/browse-edgar?action=getcompany&CIK=STLD,Sí,Large Cap,Neutral
STE,Steris,Health Care Equipment,233.28,28.483519,0.0111,8.19,195.14,269.44,22744825856.0,1640499968.0,3.767259,3.1560576,http://www.sec.gov/cgi-bin/browse-edgar?action=getcompany&CIK=STE,Sí,Large Cap,Neutral
SYK,Stryker Corporation,Health Care Equipment,339.21,35.224297,0.0104,9.63,281.0,396.86,130111815680.0,7376000000.0,5.0358715,5.6590643,http://www.sec.gov/cgi-bin/browse-edgar?action=getcompany&CIK=SYK,Sí,Large Cap,Sobrevalorada
SMCI,Supermicro,"Technology Hardware, Storage & Peripherals",39.84,20.968422,0.0,1.9,19.48,58.78,25771421696.0,2824158976.0,0.6597387,3.1626577,http://www.sec.gov/cgi-bin/browse-edgar?action=getcompany&CIK=SMCI,No,Large Cap,Neutral
SYF,Synchrony Financial,Consumer Finance,81.0,8.307693,0.0168,9.75,63.08,88.77,26355038208.0,,2.6599758,1.7339926,http://www.sec.gov/cgi-bin/browse-edgar?action=getcompany&CIK=SYF,Sí,Large Cap,Subvalorada
SNPS,Synopsys,Application Software,421.5,96.23287,0.0,4.38,366.0,626.24,80708534272.0,1696253056.0,9.2988825,2.6475964,http://www.sec.gov/cgi-bin/browse-edgar?action=getcompany&CIK=SNPS,No,Large Cap,Sobrevalorada
SYY,Sysco,Food Distributors,82.99,22.674862,0.0265,3.66,68.19,91.85,39730659328.0,4553999872.0,0.4698906,14.896787,http://www.sec.gov/cgi-bin/browse-edgar?action=getcompany&CIK=SYY,Sí,Large Cap,Neutral
TMUS,T-Mobile US,Wireless Telecommunication Services,182.61,19.081505,0.0223,9.57,165.66,261.56,195880566784.0,34370998272.0,2.1247716,3.4883854,http://www.sec.gov/cgi-bin/browse-edgar?action=getcompany&CIK=TMUS,Sí,Large Cap,Neutral
TROW,T. Rowe Price,Asset Management & Custody Banks,110.56,11.100401,0.047,9.96,85.22,122.0,23584200704.0,2963800064.0,3.1064544,2.2043226,http://www.sec.gov/cgi-bin/browse-edgar?action=getcompany&CIK=TROW,Sí,Large Cap,Subvalorada
TTWO,Take-Two Interactive,Interactive Home Entertainment,246.95,,0.0,-1.73,187.63,265.94,46174822400.0,766499968.0,6.905679,13.040608,http://www.sec.gov/cgi-bin/browse-edgar?action=getcompany&CIK=TTWO,No,Large Cap,Sin P/E (Pérdidas)
TPR,"Tapestry, Inc.","Apparel, Accessories & Luxury Goods",128.98,17.741402,0.0143,7.27,93.0,164.8,25717538816.0,2023500032.0,3.2130055,38.238956,http://www.sec.gov/cgi-bin/browse-edgar?action=getcompany&CIK=TPR,Sí,Large Cap,Neutral
TRGP,Targa Resources,Oil & Gas Storage & Transportation,275.79,26.391388,0.0181,10.45,144.14,291.04,59137933312.0,5497699840.0,3.5324154,18.880674,http://www.sec.gov/cgi-bin/browse-edgar?action=getcompany&CIK=TRGP,Sí,Large Cap,Neutral
TGT,Target Corporation,Consumer Staples Merchandise Retail,154.48,20.406868,0.03,7.57,83.44,156.47,70163439616.0,8344000000.0,0.6595734,4.2794614,http://www.sec.gov/cgi-bin/browse-edgar?action=getcompany&CIK=TGT,Sí,Large Cap,Neutral
TEL,TE Connectivity,Electronic Manufacturing Services,216.23,21.178257,0.0138,10.21,190.27,252.56,62693871616.0,4951000064.0,3.2446885,4.733063,http://www.sec.gov/cgi-bin/browse-edgar?action=getcompany&CIK=TEL,Sí,Large Cap,Neutral
TDY,Teledyne Technologies,Electronic Equipment & Instruments,679.67,32.89787,0.0,20.66,483.02,697.67,31488522240.0,1592400000.0,4.939841,2.885582,http://www.sec.gov/cgi-bin/browse-edgar?action=getcompany&CIK=TDY,No,Large Cap,Sobrevalorada
TFX,Teleflex,Health Care Equipment,137.17,,0.0099,-0.53,100.18,145.0,5812221440.0,403903008.0,2.578026,2.0010796,http://www.sec.gov/cgi-bin/browse-edgar?action=getcompany&CIK=TFX,Sí,Mid Cap,Sin P/E (Pérdidas)
TER,Teradyne,Semiconductor Materials & Equipment,418.79,57.44719,0.0012,7.29,106.3,487.91,65473945600.0,1504893952.0,14.667,19.064507,http://www.sec.gov/cgi-bin/browse-edgar?action=getcompany&CIK=TER,Sí,Large Cap,Sobrevalorada
TSLA,"Tesla, Inc.",Automobile Manufacturers,342.27,311.15454,0.0,1.1,297.38,498.83,1351811596288.0,10755000320.0,13.045981,15.561263,http://www.sec.gov/cgi-bin/browse-edgar?action=getcompany&CIK=TSLA,No,Large Cap (Mega),Sobrevalorada
TXN,Texas Instruments,Semiconductors,279.58,42.55403,0.0203,6.57,152.73,334.03,255325782016.0,9520000000.0,13.125265,14.175328,http://www.sec.gov/cgi-bin/browse-edgar?action=getcompany&CIK=TXN,Sí,Large Cap (Mega),Sobrevalorada
TXT,Textron,Aerospace & Defense,89.0,16.760828,0.0009,5.31,78.12,101.57,15476118528.0,1680000000.0,1.0115771,1.9336896,http://www.sec.gov/cgi-bin/browse-edgar?action=getcompany&CIK=TXT,Sí,Large Cap,Neutral
TMO,Thermo Fisher Scientific,Life Sciences Tools & Services,588.29,31.645508,0.0032,18.59,435.27,643.99,217518620672.0,11738999808.0,4.6943765,4.1291327,http://www.sec.gov/cgi-bin/browse-edgar?action=getcompany&CIK=TMO,Sí,Large Cap (Mega),Sobrevalorada
TJX,TJX Companies,Apparel Retail,152.11,29.593386,0.0126,5.14,132.63,170.0,168036581376.0,8835000320.0,2.7285752,16.15785,http://www.sec.gov/cgi-bin/browse-edgar?action=getcompany&CIK=TJX,Sí,Large Cap,Neutral
TSCO,Tractor Supply,Other Specialty Retail,35.83,18.661459,0.0265,1.92,28.36,62.89,18668869632.0,1931484032.0,1.1852705,7.1303487,http://www.sec.gov/cgi-bin/browse-edgar?action=getcompany&CIK=TSCO,Sí,Large Cap,Neutral
TT,Trane Technologies,Building Products,480.2,35.835823,0.0088,13.4,348.06,505.87,105655132160.0,4308400128.0,4.7571187,12.364497,http://www.sec.gov/cgi-bin/browse-edgar?action=getcompany&CIK=TT,Sí,Large Cap,Sobrevalorada
TDG,TransDigm Group,Aerospace & Defense,1256.9,38.168842,0.0,32.93,1123.61,1463.03,70302924800.0,5095000064.0,7.0260773,-7.482706,http://www.sec.gov/cgi-bin/browse-edgar?action=getcompany&CIK=TDG,No,Large Cap,Sobrevalorada
TRV,Travelers Companies (The),Property & Casualty Insurance,370.36,9.950563,0.0135,37.22,252.26,398.7,77247840256.0,11480000512.0,1.5771624,2.3325648,http://www.sec.gov/cgi-bin/browse-edgar?action=getcompany&CIK=TRV,Sí,Large Cap,Subvalorada
TRMB,Trimble Inc.,Electronic Equipment & Instruments,57.6,,0.0,-0.48,47.92,84.42,13431158784.0,880099968.0,3.5504928,2.3674476,http://www.sec.gov/cgi-bin/browse-edgar?action=getcompany&CIK=TRMB,No,Large Cap,Sin P/E (Pérdidas)
TFC,Truist Financial,Diversified Banks,53.1,12.206897,0.0392,4.35,40.78,56.2,64868352000.0,,3.4090998,1.1053749,http://www.sec.gov/cgi-bin/browse-edgar?action=getcompany&CIK=TFC,Sí,Large Cap,Subvalorada
TYL,Tyler Technologies,Application Software,328.64,43.128613,0.0,7.62,270.71,576.91,13458554880.0,458521984.0,5.539282,4.4288716,http://www.sec.gov/cgi-bin/browse-edgar?action=getcompany&CIK=TYL,No,Large Cap,Sobrevalorada
TSN,Tyson Foods,Packaged Foods & Meats,58.17,35.907406,0.0362,1.62,50.56,69.48,20464291840.0,2772000000.0,0.3674416,1.1319323,http://www.sec.gov/cgi-bin/browse-edgar?action=getcompany&CIK=TSN,Sí,Large Cap,Sobrevalorada
USB,U.S. Bancorp,Diversified Banks,65.42,13.057883,0.0319,5.01,45.02,65.61,101927723008.0,,3.7307465,1.6812726,http://www.sec.gov/cgi-bin/browse-edgar?action=getcompany&CIK=USB,Sí,Large Cap,Subvalorada
UBER,Uber,Passenger Ground Transportation,75.95,16.6557,0.0,4.56,65.41,101.99,155132428288.0,7473999872.0,2.8089962,6.248971,http://www.sec.gov/cgi-bin/browse-edgar?action=getcompany&CIK=UBER,No,Large Cap,Neutral
UDR,"UDR, Inc.",Multi-Family Residential REITs,37.94,24.012657,0.0456,1.58,32.94,42.0,14057363456.0,1040777024.0,7.9585147,4.209475,http://www.sec.gov/cgi-bin/browse-edgar?action=getcompany&CIK=UDR,Sí,Large Cap,Neutral
ULTA,Ulta Beauty,Other Specialty Retail,510.75,19.157915,0.0,26.66,443.6,714.97,21956790272.0,1889405056.0,1.7277507,8.046475,http://www.sec.gov/cgi-bin/browse-edgar?action=getcompany&CIK=ULTA,No,Large Cap,Neutral
UNP,Union Pacific Corporation,Rail Transportation,293.68,23.760517,0.0191,12.36,210.84,315.99,174468087808.0,12883999744.0,6.866119,8.978843,http://www.sec.gov/cgi-bin/browse-edgar?action=getcompany&CIK=UNP,Sí,Large Cap,Neutral
UAL,United Airlines Holdings,Passenger Airlines,125.34,11.735954,0.0,10.68,84.64,138.77,40681570304.0,7090999808.0,0.64674526,2.4365776,http://www.sec.gov/cgi-bin/browse-edgar?action=getcompany&CIK=UAL,No,Large Cap,Subvalorada
UPS,United Parcel Service,Air Freight & Logistics,104.5,19.423792,0.0628,5.38,82.0,122.41,88906670080.0,12026000384.0,0.9886208,5.9022875,http://www.sec.gov/cgi-bin/browse-edgar?action=getcompany&CIK=UPS,Sí,Large Cap,Neutral
URI,United Rentals,Trading Companies & Distributors,1153.83,27.776358,0.0068,41.54,701.59,1179.18,71817248768.0,4690999808.0,4.2667093,7.7978344,http://www.sec.gov/cgi-bin/browse-edgar?action=getcompany&CIK=URI,Sí,Large Cap,Neutral
UNH,UnitedHealth Group,Managed Health Care,401.73,25.834726,0.0233,15.55,255.97,461.62,360590770176.0,26680999936.0,0.8003773,3.4824934,http://www.sec.gov/cgi-bin/browse-edgar?action=getcompany&CIK=UNH,Sí,Large Cap (Mega),Neutral
UHS,Universal Health Services,Health Care Facilities,170.02,6.939592,0.0047,24.5,140.08,246.33,10020386816.0,2699612928.0,0.5531698,1.3335948,http://www.sec.gov/cgi-bin/browse-edgar?action=getcompany&CIK=UHS,Sí,Large Cap,Subvalorada
VLO,Valero Energy,Oil & Gas Refining & Marketing,341.67,14.242185,0.014,23.99,135.02,346.09,98376179712.0,13379000320.0,0.7428542,4.2502613,http://www.sec.gov/cgi-bin/browse-edgar?action=getcompany&CIK=VLO,Sí,Large Cap,Subvalorada
VTR,Ventas,Health Care REITs,91.52,166.4,0.0219,0.55,66.38,101.6,46944849920.0,2380859904.0,7.3134346,3.204594,http://www.sec.gov/cgi-bin/browse-edgar?action=getcompany&CIK=VTR,Sí,Large Cap,Sobrevalorada
VLTO,Veralto,Environmental & Facilities Services,97.68,24.604534,0.0053,3.97,80.03,110.11,23813734400.0,1390000000.0,4.180782,7.7022552,http://www.sec.gov/cgi-bin/browse-edgar?action=getcompany&CIK=VLTO,Sí,Large Cap,Neutral
VRSN,Verisign,Internet Services & Infrastructure,284.24,30.862104,0.0114,9.21,208.86,312.48,25695295488.0,1186000000.0,15.044965,-11.399238,http://www.sec.gov/cgi-bin/browse-edgar?action=getcompany&CIK=VRSN,Sí,Large Cap,Sobrevalorada
VRSK,Verisk Analytics,Research & Consulting Services,181.67,27.94923,0.011,6.5,155.94,276.19,23802736640.0,1515800064.0,7.5901585,-20.382587,http://www.sec.gov/cgi-bin/browse-edgar?action=getcompany&CIK=VRSK,Sí,Large Cap,Neutral
VZ,Verizon,Integrated Telecommunication Services,48.48,12.625,0.0584,3.84,38.39,51.68,201423503360.0,51081998336.0,1.4501854,1.9382697,http://www.sec.gov/cgi-bin/browse-edgar?action=getcompany&CIK=VZ,Sí,Large Cap (Mega),Subvalorada
VRTX,Vertex Pharmaceuticals,Biotechnology,505.75,29.507002,0.0,17.14,374.17,546.17,128106471424.0,5100499968.0,10.177519,6.328124,http://www.sec.gov/cgi-bin/browse-edgar?action=getcompany&CIK=VRTX,No,Large Cap,Neutral
VTRS,Viatris,Pharmaceuticals,16.23,,0.0299,-0.37,9.43,18.39,18641629184.0,4292499968.0,1.2649283,1.2893231,http://www.sec.gov/cgi-bin/browse-edgar?action=getcompany&CIK=VTRS,Sí,Large Cap,Sin P/E (Pérdidas)
VICI,Vici Properties,Hotel & Resort REITs,26.36,10.217054,0.0683,2.58,25.815,33.915,29024403456.0,3639224064.0,7.083262,0.9949798,http://www.sec.gov/cgi-bin/browse-edgar?action=getcompany&CIK=VICI,Sí,Large Cap,Subvalorada
V,Visa Inc.,Transaction & Payment Processing Services,364.15,30.965136,0.0074,11.76,293.89,373.97,679885275136.0,31093999616.0,15.282442,19.297827,http://www.sec.gov/cgi-bin/browse-edgar?action=getcompany&CIK=V,Sí,Large Cap (Mega),Sobrevalorada
VST,Vistra Corp.,Electric Utilities,148.13,24.979765,0.0063,5.93,132.66,219.82,49717645312.0,6646000128.0,2.5878434,16.045277,http://www.sec.gov/cgi-bin/browse-edgar?action=getcompany&CIK=VST,Sí,Large Cap,Neutral
VMC,Vulcan Materials Company,Construction Materials,282.0,33.21555,0.0074,8.49,252.35,331.09,36541202432.0,2340300032.0,4.5024767,4.3201175,http://www.sec.gov/cgi-bin/browse-edgar?action=getcompany&CIK=VMC,Sí,Large Cap,Sobrevalorada
WRB,W. R. Berkley Corporation,Property & Casualty Insurance,70.51,14.50823,0.0057,4.86,62.87,78.96,26175252480.0,2580506880.0,1.757188,2.8240147,http://www.sec.gov/cgi-bin/browse-edgar?action=getcompany&CIK=WRB,Sí,Large Cap,Subvalorada
GWW,W. W. Grainger,Industrial Machinery & Supplies & Components,1322.64,33.6721,0.0075,39.28,906.52,1419.91,62445961216.0,3216000000.0,3.313662,15.080382,http://www.sec.gov/cgi-bin/browse-edgar?action=getcompany&CIK=GWW,Sí,Large Cap,Sobrevalorada
WAB,Wabtec,Construction Machinery & Heavy Transportation Equipment,299.02,40.29919,0.0041,7.42,184.26,306.64,50507718656.0,2651000064.0,4.216003,4.578402,http://www.sec.gov/cgi-bin/browse-edgar?action=getcompany&CIK=WAB,Sí,Large Cap,Sobrevalorada
WMT,Walmart,Consumer Staples Merchandise Retail,115.27,40.588028,0.0086,2.84,95.42,135.16,917327708160.0,44837998592.0,1.2647475,9.729068,http://www.sec.gov/cgi-bin/browse-edgar?action=getcompany&CIK=WMT,Sí,Large Cap (Mega),Sobrevalorada
DIS,Walt Disney Company (The),Movies & Entertainment,106.85,22.030928,0.014,4.85,92.19,119.78,184496488448.0,20963000320.0,1.8662212,1.6799786,http://www.sec.gov/cgi-bin/browse-edgar?action=getcompany&CIK=DIS,Sí,Large Cap,Neutral
WBD,Warner Bros. Discovery,Broadcasting,27.99,,0.0,-1.28,11.25,30.0,70174760960.0,7792999936.0,1.9430918,2.1539054,http://www.sec.gov/cgi-bin/browse-edgar?action=getcompany&CIK=WBD,No,Large Cap,Sin P/E (Pérdidas)
WM,Waste Management,Environmental & Facilities Services,224.55,59.248024,0.0158,3.79,194.11,248.13,89756049408.0,7774000128.0,3.4969435,9.048963,http://www.sec.gov/cgi-bin/browse-edgar?action=getcompany&CIK=WM,Sí,Large Cap,Sobrevalorada
WAT,Waters Corporation,Life Sciences Tools & Services,412.17,104.083336,0.0,3.96,282.77,420.26,40469266432.0,1452048000.0,8.713776,2.6458979,http://www.sec.gov/cgi-bin/browse-edgar?action=getcompany&CIK=WAT,No,Large Cap,Sobrevalorada
WEC,WEC Energy Group,Electric Utilities,110.52,21.460194,0.0345,5.15,102.95,119.91,36012871680.0,3965199872.0,3.552476,2.6421862,http://www.sec.gov/cgi-bin/browse-edgar?action=getcompany&CIK=WEC,Sí,Large Cap,Neutral
WFC,Wells Fargo,Diversified Banks,88.82,12.9098835,0.0225,6.88,72.78,97.76,268591611904.0,,3.2350302,1.6697372,http://www.sec.gov/cgi-bin/browse-edgar?action=getcompany&CIK=WFC,Sí,Large Cap (Mega),Subvalorada
WELL,Welltower,Health Care REITs,235.52,105.14286,0.0144,2.24,162.0,255.2,169709125632.0,3340614912.0,13.296738,3.7897854,http://www.sec.gov/cgi-bin/browse-edgar?action=getcompany&CIK=WELL,Sí,Large Cap,Sobrevalorada
WST,West Pharmaceutical Services,Health Care Supplies,349.42,44.6258,0.0025,7.83,223.83,386.0,24590698496.0,912200000.0,7.3916974,8.226681,http://www.sec.gov/cgi-bin/browse-edgar?action=getcompany&CIK=WST,Sí,Large Cap,Sobrevalorada
WDC,Western Digital,"Technology Hardware, Storage & Peripherals",508.8,20.964153,0.0012,24.27,73.14,799.87,175374270464.0,4974000128.0,13.57491,24.327036,http://www.sec.gov/cgi-bin/browse-edgar?action=getcompany&CIK=WDC,Sí,Large Cap,Neutral
WY,Weyerhaeuser,Timber REITs,24.56,37.21212,0.0342,0.66,21.16,27.75,17701275648.0,688000000.0,2.5833735,1.8760982,http://www.sec.gov/cgi-bin/browse-edgar?action=getcompany&CIK=WY,Sí,Large Cap,Sobrevalorada
WMB,Williams Companies,Oil & Gas Storage & Transportation,75.2,29.960157,0.0279,2.51,55.82,80.08,91982192640.0,7032999936.0,7.464269,6.9914465,http://www.sec.gov/cgi-bin/browse-edgar?action=getcompany&CIK=WMB,Sí,Large Cap,Neutral
WTW,Willis Towers Watson,Insurance Brokers,331.59,20.531889,0.0116,16.15,240.61,352.79,30795405312.0,2816000000.0,3.0484464,4.0113473,http://www.sec.gov/cgi-bin/browse-edgar?action=getcompany&CIK=WTW,Sí,Large Cap,Neutral
WYNN,Wynn Resorts,Casinos & Gaming,102.53,24.58753,0.0098,4.17,92.52,134.72,10557913088.0,1808924032.0,1.4241613,-61.653637,http://www.sec.gov/cgi-bin/browse-edgar?action=getcompany&CIK=WYNN,Sí,Large Cap,Neutral
XEL,Xcel Energy,Multi-Utilities,79.17,21.69041,0.0299,3.65,71.29,84.23,49452298240.0,6122999808.0,3.3834357,2.075719,http://www.sec.gov/cgi-bin/browse-edgar?action=getcompany&CIK=XEL,Sí,Large Cap,Neutral
XYL,Xylem Inc.,Industrial Machinery & Supplies & Components,119.68,28.49524,0.0144,4.2,105.29,154.27,27943702528.0,1978000000.0,3.061988,2.539359,http://www.sec.gov/cgi-bin/browse-edgar?action=getcompany&CIK=XYL,Sí,Large Cap,Neutral
YUM,Yum! Brands,Restaurants,148.11,18.653652,0.0203,7.94,137.33,170.14,40419381248.0,3068000000.0,4.634187,-5.6127787,http://www.sec.gov/cgi-bin/browse-edgar?action=getcompany&CIK=YUM,Sí,Large Cap,Neutral
ZBRA,Zebra Technologies,Electronic Equipment & Instruments,376.03,34.498165,0.0,10.9,199.05,386.23,17911584768.0,1184000000.0,3.0633802,5.2431016,http://www.sec.gov/cgi-bin/browse-edgar?action=getcompany&CIK=ZBRA,No,Large Cap,Sobrevalorada
ZBH,Zimmer Biomet,Health Care Equipment,100.65,24.429613,0.0095,4.12,79.12,108.29,19197749248.0,2555000064.0,2.256223,1.5196581,http://www.sec.gov/cgi-bin/browse-edgar?action=getcompany&CIK=ZBH,Sí,Large Cap,Neutral
ZTS,Zoetis,Pharmaceuticals,73.79,12.03752,0.0287,6.13,71.45,160.48,30491770880.0,4065999872.0,3.2012358,9.41319,http://www.sec.gov/cgi-bin/browse-edgar?action=getcompany&CIK=ZTS,Sí,Large Cap,Subvalorada
